-- phpMyAdmin SQL Dump
-- version 4.8.0
-- https://www.phpmyadmin.net/
--
-- Host: 127.0.0.1
-- Generation Time: May 21, 2018 at 08:42 AM
-- Server version: 10.1.31-MariaDB
-- PHP Version: 7.2.4

SET SQL_MODE = "NO_AUTO_VALUE_ON_ZERO";
SET AUTOCOMMIT = 0;
START TRANSACTION;
SET time_zone = "+00:00";


/*!40101 SET @OLD_CHARACTER_SET_CLIENT=@@CHARACTER_SET_CLIENT */;
/*!40101 SET @OLD_CHARACTER_SET_RESULTS=@@CHARACTER_SET_RESULTS */;
/*!40101 SET @OLD_COLLATION_CONNECTION=@@COLLATION_CONNECTION */;
/*!40101 SET NAMES utf8mb4 */;

--
-- Database: `masterform`
--

-- --------------------------------------------------------

--
-- Table structure for table `demographies`
--

CREATE TABLE `demographies` (
  `id` int(10) UNSIGNED NOT NULL,
  `facility_id` int(11) NOT NULL,
  `brgy` int(11) DEFAULT '0',
  `gida_brgy` int(11) DEFAULT '0',
  `bhs` int(11) DEFAULT '0',
  `md_m` int(11) DEFAULT '0',
  `md_f` int(11) DEFAULT '0',
  `dmd_m` int(11) DEFAULT '0',
  `dmd_f` int(11) DEFAULT '0',
  `nur_m` int(11) DEFAULT '0',
  `nur_f` int(11) DEFAULT '0',
  `mid_m` int(11) DEFAULT '0',
  `mid_f` int(11) DEFAULT '0',
  `nut_m` int(11) DEFAULT '0',
  `nut_f` int(11) DEFAULT '0',
  `medt_m` int(11) DEFAULT '0',
  `medt_f` int(11) DEFAULT '0',
  `s_eng_m` int(11) DEFAULT '0',
  `s_eng_f` int(11) DEFAULT '0',
  `s_ins_m` int(11) DEFAULT '0',
  `s_ins_f` int(11) DEFAULT '0',
  `bhw_m` int(11) DEFAULT '0',
  `bhw_f` int(11) DEFAULT '0',
  `others_m` int(11) DEFAULT '0',
  `others_f` int(11) DEFAULT '0',
  `youngest` int(11) DEFAULT '0',
  `median` int(11) DEFAULT '0',
  `oldest` int(11) DEFAULT '0',
  `created_at` timestamp NULL DEFAULT NULL,
  `updated_at` timestamp NULL DEFAULT NULL
) ENGINE=InnoDB DEFAULT CHARSET=utf8mb4 COLLATE=utf8mb4_unicode_ci;

--
-- Dumping data for table `demographies`
--

INSERT INTO `demographies` (`id`, `facility_id`, `brgy`, `gida_brgy`, `bhs`, `md_m`, `md_f`, `dmd_m`, `dmd_f`, `nur_m`, `nur_f`, `mid_m`, `mid_f`, `nut_m`, `nut_f`, `medt_m`, `medt_f`, `s_eng_m`, `s_eng_f`, `s_ins_m`, `s_ins_f`, `bhw_m`, `bhw_f`, `others_m`, `others_f`, `youngest`, `median`, `oldest`, `created_at`, `updated_at`) VALUES
(1, 1, 10, 0, NULL, 1, 0, 0, 0, 1, 4, 0, 17, 0, 1, 0, 0, 0, 0, 0, 1, 0, 0, 0, 0, NULL, NULL, NULL, '0000-00-00 00:00:00', '0000-00-00 00:00:00'),
(2, 2, 2, 2, 2, 1, 0, 0, 1, 0, 1, 0, 2, 0, 0, 0, 1, 0, 0, 0, 1, 0, 0, 0, 3, 22, 35, 57, '0000-00-00 00:00:00', '0000-00-00 00:00:00'),
(3, 3, 9, 5, 3, 0, 1, 0, 1, 1, 0, 0, 6, 0, 0, 0, 1, 0, 0, 1, 0, 0, 0, 1, 5, 24, 38, 62, '0000-00-00 00:00:00', '0000-00-00 00:00:00'),
(4, 4, 34, 0, 7, 0, 2, 0, 2, 0, 2, 0, 6, 0, 0, 0, 1, 0, 0, 1, 0, 0, 0, 2, 10, 23, 37, 62, '0000-00-00 00:00:00', '0000-00-00 00:00:00'),
(5, 5, 42, 0, 14, 1, 2, 0, 1, 1, 4, 0, 14, 0, 0, 0, 2, 0, 0, 0, 3, 0, 0, 6, 6, 23, 42, 65, '0000-00-00 00:00:00', '0000-00-00 00:00:00'),
(6, 6, 17, 0, 17, 0, 1, 1, 0, 0, 1, 0, 5, 0, 0, 1, 0, 0, 0, 1, 0, 0, 0, 0, 4, 28, 32, 60, '0000-00-00 00:00:00', '0000-00-00 00:00:00'),
(7, 7, 13, 0, 15, 1, 0, 0, 1, 0, 1, 0, 12, 0, 0, 1, 0, 0, 0, 1, 0, 0, 0, 2, 7, 23, 36, 59, '0000-00-00 00:00:00', '0000-00-00 00:00:00'),
(8, 8, 7, 7, 2, 1, 0, 0, 0, 0, 1, 0, 3, 0, 0, 0, 0, 0, 0, 0, 1, 0, 0, 0, 2, 21, 42, 63, '0000-00-00 00:00:00', '0000-00-00 00:00:00'),
(9, 9, 11, 11, 2, 0, 1, 0, 0, 0, 1, 0, 2, 0, 0, 0, 1, 0, 0, 1, 0, 0, 0, 0, 5, 22, 41, 63, '0000-00-00 00:00:00', '0000-00-00 00:00:00'),
(10, 10, 9, 9, 5, 1, 0, 0, 0, 0, 1, 0, 7, 0, 0, 0, 0, 0, 0, 0, 1, 0, 0, 2, 5, 23, 38, 61, '0000-00-00 00:00:00', '0000-00-00 00:00:00'),
(11, 11, 21, 10, 3, 0, 1, 0, 0, 0, 1, 0, 3, 0, 0, 0, 0, 0, 0, 0, 1, 0, 0, 2, 1, 20, 39, 59, '0000-00-00 00:00:00', '0000-00-00 00:00:00'),
(12, 12, 15, 0, 3, 0, 1, 1, 0, 0, 1, 0, 3, 0, 0, 0, 1, 0, 0, 1, 0, 0, 0, 0, 13, 21, 38, 59, '0000-00-00 00:00:00', '0000-00-00 00:00:00'),
(13, 13, 14, 5, 5, 0, 1, 1, 0, 0, 1, 0, 6, 0, 0, 0, 1, 0, 0, 1, 0, 1, 0, 5, 7, 19, 44, 63, '0000-00-00 00:00:00', '0000-00-00 00:00:00'),
(14, 14, 49, 0, 6, 0, 1, 1, 0, 0, 2, 0, 7, 0, 0, 1, 0, 0, 0, 0, 1, 0, 0, 2, 7, 24, 35, 59, '0000-00-00 00:00:00', '0000-00-00 00:00:00'),
(15, 15, 7, 7, 2, 1, 0, 0, 0, 0, 1, 0, 2, 0, 0, 0, 0, 0, 0, 0, 0, 0, 0, 0, 4, 22, 37, 59, '0000-00-00 00:00:00', '0000-00-00 00:00:00'),
(16, 16, 36, 0, 5, 0, 1, 0, 1, 0, 1, 0, 5, 0, 0, 0, 1, 0, 0, 1, 0, 0, 0, 3, 6, 23, 39, 62, '0000-00-00 00:00:00', '0000-00-00 00:00:00'),
(17, 17, 6, 5, 2, 0, 1, 0, 0, 0, 1, 0, 3, 0, 0, 0, 1, 0, 0, 0, 0, 0, 1, 0, 6, 21, 41, 62, '0000-00-00 00:00:00', '0000-00-00 00:00:00'),
(18, 18, 8, NULL, NULL, 0, 1, 0, 0, 0, 1, 0, 8, 0, 0, 0, 1, 0, 0, 0, 1, 0, 0, 0, 6, NULL, NULL, NULL, '0000-00-00 00:00:00', '0000-00-00 00:00:00'),
(19, 19, 39, 0, 11, 1, 3, 1, 0, 0, 1, 1, 5, 0, 0, 0, 1, 0, 0, 1, 0, 0, 0, 6, 10, 24, 35, 59, '0000-00-00 00:00:00', '0000-00-00 00:00:00'),
(20, 20, 12, 12, 4, 0, 1, 0, 1, 0, 1, 0, 5, 0, 0, 0, 1, 0, 0, 0, 1, 0, 0, 3, 1, 23, 39, 62, '0000-00-00 00:00:00', '0000-00-00 00:00:00'),
(21, 21, 11, 7, 4, 1, 0, 0, 1, 2, 0, 0, 10, 0, 0, 0, 1, 0, 0, 0, 0, 1, 0, 5, 1, 22, 39, 61, '0000-00-00 00:00:00', '0000-00-00 00:00:00'),
(22, 22, 17, NULL, NULL, NULL, NULL, NULL, NULL, NULL, NULL, NULL, NULL, NULL, NULL, NULL, NULL, NULL, NULL, NULL, NULL, NULL, NULL, NULL, NULL, NULL, NULL, NULL, '0000-00-00 00:00:00', '0000-00-00 00:00:00'),
(23, 23, 19, 0, 6, NULL, NULL, NULL, NULL, NULL, NULL, NULL, NULL, NULL, NULL, NULL, NULL, NULL, NULL, NULL, NULL, NULL, NULL, NULL, NULL, NULL, NULL, NULL, '0000-00-00 00:00:00', '0000-00-00 00:00:00'),
(24, 24, 12, 0, NULL, 0, 1, 0, 1, 4, 8, 0, 15, 0, 0, 0, 1, 0, 0, 0, 1, 0, 1, 0, 2, 23, 41, 63, '0000-00-00 00:00:00', '0000-00-00 00:00:00'),
(25, 25, 16, 0, NULL, 1, 1, 0, 0, 4, 2, 0, 13, 0, 0, 0, 1, 0, 0, 1, 0, 0, 1, 0, 2, 21, 41, 63, '0000-00-00 00:00:00', '0000-00-00 00:00:00'),
(26, 26, 13, 0, NULL, 0, 1, 0, 0, 5, 13, 0, 19, 0, 0, 0, 1, 0, 0, 0, 0, NULL, NULL, 0, 1, 22, 36, 58, '0000-00-00 00:00:00', '0000-00-00 00:00:00'),
(27, 27, 30, 1, 10, 1, 1, 0, 1, 5, 10, 0, 12, 0, 0, 0, 1, 0, 0, 1, 2, 1, 171, 4, 3, 21, 35, 56, '0000-00-00 00:00:00', '0000-00-00 00:00:00'),
(28, 28, NULL, NULL, NULL, NULL, NULL, NULL, NULL, NULL, NULL, NULL, NULL, NULL, NULL, NULL, NULL, NULL, NULL, NULL, NULL, NULL, NULL, NULL, NULL, NULL, NULL, NULL, '0000-00-00 00:00:00', '0000-00-00 00:00:00'),
(29, 29, NULL, NULL, NULL, NULL, NULL, NULL, NULL, NULL, NULL, NULL, NULL, NULL, NULL, NULL, NULL, NULL, NULL, NULL, NULL, NULL, NULL, NULL, NULL, NULL, NULL, NULL, '0000-00-00 00:00:00', '0000-00-00 00:00:00'),
(30, 30, 33, NULL, NULL, 2, 2, 0, 1, 4, 8, 0, 13, 0, 0, 0, 1, 0, 0, 0, 1, NULL, NULL, 0, 1, 26, 43, 59, '0000-00-00 00:00:00', '0000-00-00 00:00:00'),
(31, 31, 23, NULL, 7, NULL, NULL, NULL, NULL, 0, 3, 0, 10, 0, 0, 0, 1, 0, 0, 0, 0, 0, 0, 0, 1, NULL, NULL, NULL, '0000-00-00 00:00:00', '0000-00-00 00:00:00'),
(32, 32, 7, NULL, 4, NULL, 1, NULL, NULL, 0, 2, 0, 7, 0, 0, 0, 0, 0, 0, 0, 0, 0, 0, 1, 1, NULL, NULL, NULL, '0000-00-00 00:00:00', '0000-00-00 00:00:00'),
(33, 33, 12, 0, NULL, 1, 0, 0, 0, 6, 5, 0, 9, 0, 0, 1, 1, 0, 0, 0, 0, NULL, NULL, 0, 0, 20, 40, 66, '0000-00-00 00:00:00', '0000-00-00 00:00:00'),
(34, 34, 12, 0, NULL, 1, 0, 0, 0, 5, 6, 0, 9, 0, 0, 1, 1, 0, 0, 0, 0, NULL, NULL, 0, 0, 20, 40, 66, '0000-00-00 00:00:00', '0000-00-00 00:00:00'),
(35, 35, 22, 0, NULL, 1, 0, 0, 0, 0, 0, 0, 7, 0, 0, 0, 1, 0, 0, 0, 0, NULL, NULL, 3, 12, 21, 35, 59, '0000-00-00 00:00:00', '0000-00-00 00:00:00'),
(36, 36, 73, 0, NULL, 1, 0, 0, 1, 4, 15, 0, 1, 0, 0, 0, 0, 0, 0, 0, 0, NULL, NULL, 0, 3, 22, 30, 34, '0000-00-00 00:00:00', '0000-00-00 00:00:00'),
(37, 37, NULL, NULL, NULL, NULL, NULL, NULL, NULL, NULL, NULL, NULL, NULL, NULL, NULL, NULL, NULL, NULL, NULL, NULL, NULL, NULL, NULL, NULL, NULL, NULL, NULL, NULL, '0000-00-00 00:00:00', '0000-00-00 00:00:00'),
(38, 38, 30, 0, NULL, 0, 1, 0, 0, 1, 3, 0, 2, 0, 0, 0, 2, 0, 0, 0, 1, NULL, NULL, 0, 3, 30, 40, 56, '0000-00-00 00:00:00', '0000-00-00 00:00:00'),
(39, 39, 15, NULL, 8, NULL, NULL, NULL, NULL, NULL, NULL, NULL, NULL, NULL, NULL, NULL, NULL, NULL, NULL, NULL, NULL, NULL, NULL, NULL, NULL, NULL, NULL, NULL, '0000-00-00 00:00:00', '0000-00-00 00:00:00'),
(40, 40, 19, NULL, NULL, NULL, NULL, NULL, NULL, NULL, NULL, NULL, NULL, NULL, NULL, NULL, NULL, NULL, NULL, NULL, NULL, NULL, NULL, NULL, NULL, NULL, NULL, NULL, '0000-00-00 00:00:00', '0000-00-00 00:00:00'),
(41, 41, 14, 0, 10, 0, 1, 0, 1, 3, 19, 0, 6, 0, 0, 0, 1, 0, 0, 0, 0, 0, 0, 0, 3, 20, 32, 63, '0000-00-00 00:00:00', '0000-00-00 00:00:00'),
(42, 42, NULL, NULL, NULL, NULL, NULL, NULL, NULL, NULL, NULL, NULL, NULL, NULL, NULL, NULL, NULL, NULL, NULL, NULL, NULL, NULL, NULL, NULL, NULL, NULL, NULL, NULL, '0000-00-00 00:00:00', '0000-00-00 00:00:00'),
(43, 43, 29, NULL, 11, NULL, NULL, NULL, NULL, NULL, NULL, NULL, NULL, NULL, NULL, NULL, NULL, NULL, NULL, NULL, NULL, NULL, NULL, NULL, NULL, NULL, NULL, NULL, '0000-00-00 00:00:00', '0000-00-00 00:00:00'),
(44, 44, 19, 0, NULL, 1, 2, 0, 3, 5, 7, 0, 12, 0, 0, 0, 1, 0, 0, 0, 1, NULL, NULL, 2, 6, 24, 36, 60, '0000-00-00 00:00:00', '0000-00-00 00:00:00'),
(45, 45, 21, NULL, 10, NULL, 1, NULL, NULL, NULL, 1, NULL, NULL, NULL, NULL, NULL, NULL, NULL, NULL, NULL, NULL, NULL, NULL, NULL, NULL, NULL, NULL, NULL, '0000-00-00 00:00:00', '0000-00-00 00:00:00'),
(46, 46, 34, 0, NULL, 1, 1, 0, 0, 9, 21, 0, 11, 0, 0, 0, 1, 0, 0, 0, 0, NULL, NULL, 0, 1, 24, 39, 61, '0000-00-00 00:00:00', '0000-00-00 00:00:00'),
(47, 47, 21, 0, NULL, 0, 2, 0, 0, 6, 10, 0, 12, 0, 0, 0, 0, 0, 0, 1, 0, 0, 0, 2, 0, 20, 36, 63, '0000-00-00 00:00:00', '0000-00-00 00:00:00'),
(48, 48, 3, 0, NULL, 0, 1, 0, 1, 0, 2, 1, 0, 0, 0, 0, 0, 0, 0, 0, 0, 0, 2, 0, 1, 41, 49, 57, '0000-00-00 00:00:00', '0000-00-00 00:00:00'),
(49, 49, 7, 0, NULL, 4, 6, 1, 0, 1, 2, 0, 3, 0, 0, 0, 0, 0, 0, 0, 0, 0, 6, 0, 1, 25, 36, 59, '0000-00-00 00:00:00', '0000-00-00 00:00:00'),
(50, 50, 4, 0, NULL, 0, 1, 0, 1, 3, 1, 0, 5, 0, 0, 0, 0, 0, 0, 0, 0, 0, 4, 0, 1, 24, 41, 61, '0000-00-00 00:00:00', '0000-00-00 00:00:00'),
(51, 51, 13, 0, NULL, 1, 0, 0, 1, 1, 2, 0, 1, 0, 0, 0, 0, 0, 0, 0, 0, 0, 6, 0, 1, 22, 44, 62, '0000-00-00 00:00:00', '0000-00-00 00:00:00'),
(52, 52, 7, 0, NULL, 0, 3, 0, 1, 3, 2, 0, 1, 0, 0, 0, 0, 0, 0, 0, 0, 0, 6, 0, 0, 23, 37, 59, '0000-00-00 00:00:00', '0000-00-00 00:00:00'),
(53, 53, 22, 0, NULL, 0, 1, 0, 1, 0, 5, 0, 2, 0, 0, 0, 0, 0, 0, 0, 0, 0, 4, 0, 1, 28, 42, 57, '0000-00-00 00:00:00', '0000-00-00 00:00:00'),
(54, 54, 8, 0, NULL, 0, 1, 0, 1, 0, 3, 0, 2, 0, 0, 0, 0, 0, 0, 0, 0, 0, 2, 0, 1, 25, 40, 62, '0000-00-00 00:00:00', '0000-00-00 00:00:00'),
(55, 55, 1, 0, NULL, 1, 2, 0, 1, 1, 2, 0, 3, 0, 0, 0, 0, 0, 0, 1, 0, 0, 3, 0, 1, 24, 39, 63, '0000-00-00 00:00:00', '0000-00-00 00:00:00'),
(56, 56, 6, 0, NULL, 0, 1, 0, 1, 2, 4, 0, 4, 0, 0, 0, 0, 0, 0, 0, 0, 0, 8, 0, 1, 25, 43, 60, '0000-00-00 00:00:00', '0000-00-00 00:00:00'),
(57, 57, 26, 0, NULL, 0, 1, 1, 1, 1, 3, 0, 4, 0, 0, 0, 0, 0, 0, 0, 0, 0, 4, 0, 2, 26, 39, 60, '0000-00-00 00:00:00', '0000-00-00 00:00:00'),
(58, 58, 5, 0, NULL, 2, 3, 0, 1, 1, 3, 0, 1, 0, 0, 0, 0, 0, 0, 0, 0, 0, 4, 0, 0, 25, 33, 55, '0000-00-00 00:00:00', '0000-00-00 00:00:00'),
(59, 59, NULL, NULL, NULL, NULL, NULL, NULL, NULL, NULL, NULL, NULL, NULL, NULL, NULL, NULL, NULL, NULL, NULL, NULL, NULL, NULL, NULL, NULL, NULL, NULL, NULL, NULL, '0000-00-00 00:00:00', '0000-00-00 00:00:00'),
(60, 60, 4, 0, NULL, 0, 2, 0, 1, 2, 3, 0, 2, 0, 0, 0, 0, 0, 0, 0, 0, 0, 5, 0, 1, 23, 40, 62, '0000-00-00 00:00:00', '0000-00-00 00:00:00'),
(61, 61, NULL, NULL, NULL, NULL, NULL, NULL, NULL, NULL, NULL, NULL, NULL, NULL, NULL, NULL, NULL, NULL, NULL, NULL, NULL, NULL, NULL, NULL, NULL, NULL, NULL, NULL, '0000-00-00 00:00:00', '0000-00-00 00:00:00'),
(62, 62, 6, 0, NULL, 0, 1, 1, 0, 0, 4, 0, 1, 0, 0, 0, 0, 0, 0, 0, 0, 0, 5, 0, 1, 23, 42, 58, '0000-00-00 00:00:00', '0000-00-00 00:00:00'),
(63, 63, 7, 0, NULL, 2, 2, 1, 0, 0, 2, 0, 2, 0, 0, 0, 0, 0, 0, 0, 0, 0, 9, 0, 1, 26, 42, 67, '0000-00-00 00:00:00', '0000-00-00 00:00:00'),
(64, 64, 30, NULL, NULL, 0, 0, 0, 0, 1, 9, 0, 29, 0, 0, 0, 1, 1, 0, 0, 0, 0, 0, 0, 0, 22, 37, 65, '0000-00-00 00:00:00', '0000-00-00 00:00:00'),
(65, 65, NULL, NULL, NULL, NULL, NULL, NULL, NULL, NULL, NULL, NULL, NULL, NULL, NULL, NULL, NULL, NULL, NULL, NULL, NULL, NULL, NULL, NULL, NULL, NULL, NULL, NULL, '0000-00-00 00:00:00', '0000-00-00 00:00:00'),
(66, 66, 25, 0, 25, 1, 0, 0, 1, 0, 1, 0, 7, 0, 0, 0, 1, 0, 0, 0, 0, 0, 0, 3, 18, NULL, NULL, NULL, '0000-00-00 00:00:00', '0000-00-00 00:00:00'),
(67, 67, NULL, NULL, NULL, NULL, NULL, NULL, NULL, NULL, NULL, NULL, NULL, NULL, NULL, NULL, NULL, NULL, NULL, NULL, NULL, NULL, NULL, NULL, NULL, NULL, NULL, NULL, '0000-00-00 00:00:00', '0000-00-00 00:00:00'),
(68, 68, 7, 0, 7, 1, 0, 0, 1, 0, 9, 0, 8, 0, 0, 0, 0, 0, 0, 1, 0, 0, 0, 0, 1, 23, NULL, NULL, '0000-00-00 00:00:00', '0000-00-00 00:00:00'),
(69, 69, 4, 0, 3, 1, 0, 0, 1, 3, 2, 0, 4, 0, 0, 0, 1, 0, 0, 0, 0, 0, 0, 0, 1, NULL, NULL, NULL, '0000-00-00 00:00:00', '0000-00-00 00:00:00'),
(70, 70, 2, 0, 3, 1, 0, 0, 0, 1, 1, 0, 5, 0, 0, 0, 0, 0, 0, 0, 0, 0, 0, 0, 1, 25, NULL, NULL, '0000-00-00 00:00:00', '0000-00-00 00:00:00'),
(71, 71, 23, NULL, 6, 1, 1, 0, 1, 3, 8, 0, 8, 0, 0, 1, 1, 0, 0, 0, 0, 0, 2, 1, 0, 22, 39, 63, '0000-00-00 00:00:00', '0000-00-00 00:00:00'),
(72, 72, 28, NULL, 6, 1, 1, 0, 1, 4, 7, 1, 6, 0, 0, 1, 0, 0, 0, 0, 0, 0, 0, 0, 3, 25, 39, 63, '0000-00-00 00:00:00', '0000-00-00 00:00:00'),
(73, 73, 16, 0, NULL, 0, 1, 0, 1, 0, 3, 0, 5, 0, 0, 0, 1, 0, 0, 1, 0, NULL, NULL, 0, 0, NULL, NULL, NULL, '0000-00-00 00:00:00', '0000-00-00 00:00:00'),
(74, 74, 12, 0, NULL, 0, 1, 0, 0, 0, 2, 0, 4, 0, 0, 0, 1, 0, 0, 0, 1, NULL, NULL, 0, 4, NULL, NULL, NULL, '0000-00-00 00:00:00', '0000-00-00 00:00:00'),
(75, 75, 18, 0, NULL, 0, 1, 1, 1, 0, 3, 0, 5, 0, 0, 0, 0, 0, 0, 0, 0, NULL, NULL, 1, 1, NULL, NULL, NULL, '0000-00-00 00:00:00', '0000-00-00 00:00:00'),
(76, 76, 14, 1, NULL, 0, 1, 0, 1, 0, 3, 0, 9, 0, 0, 0, 1, 0, 0, 0, 2, NULL, NULL, 0, 3, NULL, NULL, NULL, '0000-00-00 00:00:00', '0000-00-00 00:00:00'),
(77, 77, 5, 0, NULL, 1, 0, 0, 1, 0, 1, 0, 3, 0, 0, 0, 0, 0, 0, 0, 0, NULL, NULL, 1, 1, NULL, NULL, NULL, '0000-00-00 00:00:00', '0000-00-00 00:00:00'),
(78, 78, 1, 0, NULL, 1, 0, 0, 0, 0, 1, 0, 2, 0, 0, 0, 0, 0, 0, 0, 0, NULL, NULL, 0, 0, NULL, NULL, NULL, '0000-00-00 00:00:00', '0000-00-00 00:00:00'),
(79, 79, 9, 0, NULL, 0, 1, 1, 0, 2, 10, 0, 6, 0, 0, 0, 1, 0, 0, 0, 1, NULL, NULL, 3, 0, NULL, NULL, NULL, '0000-00-00 00:00:00', '0000-00-00 00:00:00'),
(80, 80, 6, 0, NULL, 0, 1, 1, 0, 3, 4, 0, 3, 0, 0, 0, 1, 0, 0, 0, 0, NULL, NULL, 1, 0, NULL, NULL, NULL, '0000-00-00 00:00:00', '0000-00-00 00:00:00'),
(81, 81, 6, 0, NULL, 0, 1, 0, 1, 6, 10, 0, 0, 0, 0, 0, 0, 0, 0, 0, 0, NULL, NULL, 0, 1, NULL, NULL, NULL, '0000-00-00 00:00:00', '0000-00-00 00:00:00'),
(82, 82, 12, 0, NULL, 0, 1, 1, 0, 2, 4, 0, 6, 0, 0, 0, 1, 0, 0, 0, 1, NULL, NULL, 1, 2, NULL, NULL, NULL, '0000-00-00 00:00:00', '0000-00-00 00:00:00'),
(83, 83, 5, 0, NULL, 0, 1, 0, 1, 0, 3, 0, 3, 0, 0, 0, 1, 0, 0, 0, 0, NULL, NULL, 0, 2, NULL, NULL, NULL, '0000-00-00 00:00:00', '0000-00-00 00:00:00'),
(84, 84, 4, 0, NULL, 1, 0, 1, 0, 1, 3, 0, 5, 0, 0, 0, 1, 0, 0, 0, 0, NULL, NULL, 0, 1, NULL, NULL, NULL, '0000-00-00 00:00:00', '0000-00-00 00:00:00'),
(85, 85, 7, 0, NULL, 0, 1, 0, 0, 0, 2, 0, 5, 0, 0, 0, 1, 0, 0, 0, 0, NULL, NULL, 0, 2, NULL, NULL, NULL, '0000-00-00 00:00:00', '0000-00-00 00:00:00'),
(86, 86, 11, 0, NULL, 1, 0, 1, 0, 4, 4, 0, 4, 0, 0, 0, 0, 0, 0, 0, 1, NULL, NULL, 1, 0, NULL, NULL, NULL, '0000-00-00 00:00:00', '0000-00-00 00:00:00'),
(87, 87, 8, 0, NULL, 0, 1, 0, 1, 0, 3, 0, 5, 0, 0, 0, 1, 0, 0, 0, 0, NULL, NULL, 0, 0, NULL, NULL, NULL, '0000-00-00 00:00:00', '0000-00-00 00:00:00'),
(88, 88, 5, 0, NULL, 0, 1, 0, 1, 0, 4, 0, 4, 0, 0, 0, 0, 0, 0, 0, 0, NULL, NULL, 0, 1, NULL, NULL, NULL, '0000-00-00 00:00:00', '0000-00-00 00:00:00'),
(89, 89, 18, 0, NULL, 1, 0, 1, 0, 0, 6, 0, 9, 0, 0, 0, 1, 0, 0, 0, 0, NULL, NULL, 1, 7, NULL, NULL, NULL, '0000-00-00 00:00:00', '0000-00-00 00:00:00'),
(90, 90, 17, 0, NULL, 1, 0, 0, 0, 0, 2, 0, 6, 0, 0, 0, 1, 0, 0, 0, 1, NULL, NULL, 1, 1, NULL, NULL, NULL, '0000-00-00 00:00:00', '0000-00-00 00:00:00'),
(91, 91, 13, 0, NULL, 0, 0, 0, 0, 0, 1, 0, 4, 0, 0, 0, 0, 0, 0, 0, 0, NULL, NULL, 0, 0, NULL, NULL, NULL, '0000-00-00 00:00:00', '0000-00-00 00:00:00'),
(92, 92, 18, 0, NULL, 0, 1, 0, 1, 3, 3, 0, 5, 0, 0, 0, 0, 1, 0, 0, 0, NULL, NULL, 0, 5, NULL, NULL, NULL, '0000-00-00 00:00:00', '0000-00-00 00:00:00'),
(93, 93, 14, 0, NULL, 1, 0, 0, 1, 1, 6, 0, 6, 0, 0, 0, 0, 0, 0, 0, 0, NULL, NULL, 0, 2, NULL, NULL, NULL, '0000-00-00 00:00:00', '0000-00-00 00:00:00'),
(94, 94, 12, 0, NULL, 1, 0, 0, 0, 0, 1, 0, 4, 0, 0, 0, 1, 0, 0, 0, 0, NULL, NULL, 0, 0, NULL, NULL, NULL, '0000-00-00 00:00:00', '0000-00-00 00:00:00'),
(95, 95, 11, 0, NULL, 1, 0, 0, 1, 1, 1, 0, 6, 0, 0, 0, 1, 0, 0, 0, 0, NULL, NULL, 0, 5, NULL, NULL, NULL, '0000-00-00 00:00:00', '0000-00-00 00:00:00'),
(96, 96, 10, 0, NULL, 1, 0, 0, 1, 1, 1, 0, 5, 0, 0, 0, 0, 0, 0, 0, 1, NULL, NULL, 0, 3, NULL, NULL, NULL, '0000-00-00 00:00:00', '0000-00-00 00:00:00'),
(97, 97, 24, 0, NULL, 1, 0, 1, 0, 0, 2, 0, 3, 0, 0, 0, 1, 0, 0, 0, 2, NULL, NULL, 0, 7, NULL, NULL, NULL, '0000-00-00 00:00:00', '0000-00-00 00:00:00'),
(98, 98, 21, NULL, NULL, 1, 0, 0, 1, 0, 2, 0, 6, 0, 0, 0, 0, 0, 0, 1, 0, NULL, NULL, 3, 9, NULL, NULL, NULL, '0000-00-00 00:00:00', '0000-00-00 00:00:00'),
(99, 99, 16, 0, NULL, 0, 1, 0, 0, 0, 1, 0, 6, 0, 0, 0, 0, 0, 0, 0, 0, NULL, NULL, 0, 5, NULL, NULL, NULL, '0000-00-00 00:00:00', '0000-00-00 00:00:00'),
(100, 100, 25, 0, NULL, 0, 1, 0, 0, 0, 2, 0, 9, 0, 0, 0, 1, 0, 0, 0, 0, NULL, NULL, 2, 8, NULL, NULL, NULL, '0000-00-00 00:00:00', '0000-00-00 00:00:00'),
(101, 101, 10, 0, NULL, 0, 1, 0, 1, 1, 2, 0, 3, 0, 0, 0, 0, 0, 0, 0, 0, NULL, NULL, 0, 5, NULL, NULL, NULL, '0000-00-00 00:00:00', '0000-00-00 00:00:00'),
(102, 102, 6, 0, NULL, 0, 1, 1, 0, 0, 1, 0, 7, 0, 0, 0, 1, 0, 0, 0, 1, NULL, NULL, 0, 7, NULL, NULL, NULL, '0000-00-00 00:00:00', '0000-00-00 00:00:00'),
(103, 103, 9, 0, NULL, 1, 0, 1, 0, 0, 1, 0, 7, 0, 0, 0, 1, 0, 0, 0, 0, NULL, NULL, 0, 8, NULL, NULL, NULL, '0000-00-00 00:00:00', '0000-00-00 00:00:00'),
(104, 104, 12, 0, NULL, 0, 1, 0, 1, 0, 1, 0, 5, 0, 0, 0, 1, 0, 0, 0, 0, NULL, NULL, 0, 6, NULL, NULL, NULL, '0000-00-00 00:00:00', '0000-00-00 00:00:00'),
(105, 105, 13, 0, NULL, 1, 0, 0, 0, 2, 1, 0, 10, 0, 0, 0, 0, 0, 0, 1, 0, NULL, NULL, 0, 1, NULL, NULL, NULL, '0000-00-00 00:00:00', '0000-00-00 00:00:00'),
(106, 106, 15, 0, NULL, 0, 1, 0, 1, 0, 8, 0, 5, 0, 0, 0, 1, 0, 0, 0, 1, NULL, NULL, 1, 8, NULL, NULL, NULL, '0000-00-00 00:00:00', '0000-00-00 00:00:00'),
(107, 107, 22, 0, NULL, 0, 1, 0, 1, 0, 3, 0, 8, 0, 0, 1, 0, 0, 0, 0, 1, NULL, NULL, 1, 7, NULL, NULL, NULL, '0000-00-00 00:00:00', '0000-00-00 00:00:00'),
(108, 108, 16, 0, NULL, 0, 1, 0, 1, 1, 1, 0, 5, 0, 0, 0, 0, 0, 0, 1, 0, NULL, NULL, 0, 5, NULL, NULL, NULL, '0000-00-00 00:00:00', '0000-00-00 00:00:00'),
(109, 109, 10, 0, NULL, 0, 1, 0, 0, 0, 1, 0, 2, 0, 0, 0, 0, 0, 0, 0, 1, NULL, NULL, 0, 0, NULL, NULL, NULL, '0000-00-00 00:00:00', '0000-00-00 00:00:00'),
(110, 110, NULL, NULL, NULL, NULL, NULL, NULL, NULL, NULL, NULL, NULL, NULL, NULL, NULL, NULL, NULL, NULL, NULL, NULL, NULL, NULL, NULL, NULL, NULL, NULL, NULL, NULL, '0000-00-00 00:00:00', '0000-00-00 00:00:00'),
(111, 111, 15, 0, NULL, 0, 1, 0, 1, 0, 1, 0, 5, 0, 0, 0, 1, 0, 0, 0, 2, NULL, NULL, 0, 3, NULL, NULL, NULL, '0000-00-00 00:00:00', '0000-00-00 00:00:00'),
(112, 112, 20, 0, 16, 0, 1, 0, 1, 1, 0, 0, 13, 0, 0, 0, 1, 0, 0, 1, 0, NULL, NULL, 1, 2, NULL, NULL, NULL, '0000-00-00 00:00:00', '0000-00-00 00:00:00'),
(113, 113, NULL, NULL, NULL, NULL, NULL, NULL, NULL, NULL, NULL, NULL, NULL, NULL, NULL, NULL, NULL, NULL, NULL, NULL, NULL, NULL, NULL, NULL, NULL, NULL, NULL, NULL, '0000-00-00 00:00:00', '0000-00-00 00:00:00'),
(114, 114, 17, 0, 13, 0, 1, 0, 1, 0, 11, 0, 13, 0, 0, 0, 1, 0, 0, 1, 0, NULL, NULL, 0, 4, 23, 39, 62, '0000-00-00 00:00:00', '0000-00-00 00:00:00'),
(115, 115, 20, 0, 3, 0, 1, 0, 0, 0, 5, 0, 4, 0, 0, 0, 0, 0, 0, 0, 1, NULL, NULL, NULL, 2, NULL, NULL, NULL, '0000-00-00 00:00:00', '0000-00-00 00:00:00'),
(116, 116, NULL, NULL, NULL, NULL, NULL, NULL, NULL, NULL, NULL, NULL, NULL, NULL, NULL, NULL, NULL, NULL, NULL, NULL, NULL, NULL, NULL, NULL, NULL, NULL, NULL, NULL, '0000-00-00 00:00:00', '0000-00-00 00:00:00'),
(117, 117, 31, 0, 26, 1, 0, 0, 1, 0, 1, 0, 7, 0, 0, 0, 1, 0, 0, 0, 0, NULL, NULL, 4, 8, NULL, NULL, NULL, '0000-00-00 00:00:00', '0000-00-00 00:00:00'),
(118, 118, 18, NULL, NULL, 0, 1, 0, 1, 1, 9, 0, 19, 0, 0, 0, 1, 0, 0, 0, 0, NULL, NULL, NULL, NULL, NULL, NULL, NULL, '0000-00-00 00:00:00', '0000-00-00 00:00:00'),
(119, 119, 23, NULL, NULL, 0, 2, 0, 0, 2, 9, 0, 10, 0, 0, 0, 1, 0, 0, 0, 2, NULL, NULL, NULL, NULL, NULL, NULL, NULL, '0000-00-00 00:00:00', '0000-00-00 00:00:00'),
(120, 120, 24, NULL, 54, 2, 3, 0, 0, 0, 7, 0, 6, 0, 0, 0, 1, 0, 0, 0, 0, 0, 0, 2, 4, NULL, NULL, NULL, '0000-00-00 00:00:00', '0000-00-00 00:00:00'),
(121, 121, 31, NULL, NULL, 1, 1, 0, 0, 1, 8, 0, 12, 0, 1, 1, 0, 0, 0, 0, 0, NULL, NULL, NULL, NULL, NULL, NULL, NULL, '0000-00-00 00:00:00', '0000-00-00 00:00:00'),
(122, 122, 14, 3, 13, 0, 1, 0, 1, 0, 1, 0, 5, 0, 0, 0, 0, 0, 0, 0, 1, NULL, NULL, NULL, NULL, NULL, NULL, NULL, '0000-00-00 00:00:00', '0000-00-00 00:00:00'),
(123, 123, 9, 3, 8, 0, 1, 1, 0, 2, 0, 0, 4, 0, 0, 0, 0, 0, 0, 0, 0, NULL, NULL, NULL, NULL, NULL, NULL, NULL, '0000-00-00 00:00:00', '0000-00-00 00:00:00'),
(124, 124, 12, 1, 12, 0, 1, 1, 0, 0, 1, 0, 5, 0, 1, 0, 0, 0, 0, 0, 1, NULL, NULL, NULL, NULL, NULL, NULL, NULL, '0000-00-00 00:00:00', '0000-00-00 00:00:00'),
(125, 125, 47, 7, 23, 0, 2, 1, 0, 0, 2, 0, 20, 0, 0, 0, 1, 0, 0, 0, 0, NULL, NULL, NULL, NULL, NULL, NULL, NULL, '0000-00-00 00:00:00', '0000-00-00 00:00:00'),
(126, 126, 25, 8, 12, 0, 1, 0, 0, 2, 2, 1, 15, 0, 0, 0, 1, 0, 0, 0, 0, NULL, NULL, NULL, NULL, NULL, NULL, NULL, '0000-00-00 00:00:00', '0000-00-00 00:00:00'),
(127, 127, 22, 9, 6, 0, 1, 0, 0, 0, 1, 0, 5, 0, 0, 0, 0, 0, 0, 0, 1, NULL, NULL, NULL, NULL, NULL, NULL, NULL, '0000-00-00 00:00:00', '0000-00-00 00:00:00'),
(128, 128, 30, 0, 7, 1, 0, 1, 0, 0, 1, 0, 7, 0, 1, 1, 0, 0, 0, 0, 1, NULL, NULL, NULL, NULL, NULL, NULL, NULL, '0000-00-00 00:00:00', '0000-00-00 00:00:00'),
(129, 129, 14, 11, 5, 0, 1, 0, 0, 0, 1, 0, 6, 0, 0, 0, 0, 0, 0, 0, 1, NULL, NULL, NULL, NULL, NULL, NULL, NULL, '0000-00-00 00:00:00', '0000-00-00 00:00:00'),
(130, 130, 36, 0, 13, 1, 0, 0, 2, 1, 2, 0, 16, 0, 0, 0, 1, 0, 0, 0, 1, NULL, NULL, NULL, NULL, NULL, NULL, NULL, '0000-00-00 00:00:00', '0000-00-00 00:00:00'),
(131, 131, 26, 0, 8, 0, 1, 0, 0, 0, 1, 0, 4, 0, 0, 0, 1, 0, 0, 0, 0, NULL, NULL, NULL, NULL, NULL, NULL, NULL, '0000-00-00 00:00:00', '0000-00-00 00:00:00'),
(132, 132, NULL, NULL, NULL, NULL, NULL, NULL, NULL, NULL, NULL, NULL, NULL, NULL, NULL, NULL, NULL, NULL, NULL, NULL, NULL, NULL, NULL, NULL, NULL, NULL, NULL, NULL, '0000-00-00 00:00:00', '0000-00-00 00:00:00'),
(133, 133, 27, 0, 12, 0, 1, 1, 0, 0, 2, 0, 14, 0, 0, 0, 2, 0, 0, 0, 1, NULL, NULL, NULL, NULL, NULL, NULL, NULL, '0000-00-00 00:00:00', '0000-00-00 00:00:00'),
(134, 134, 49, 10, 9, 1, 0, 0, 1, 0, 3, 0, 13, 0, 0, 1, 0, 0, 0, 1, 0, NULL, NULL, NULL, NULL, NULL, NULL, NULL, '0000-00-00 00:00:00', '0000-00-00 00:00:00'),
(135, 135, 20, NULL, NULL, 0, 1, NULL, NULL, NULL, NULL, 0, NULL, NULL, NULL, NULL, NULL, NULL, NULL, NULL, NULL, NULL, NULL, NULL, NULL, NULL, NULL, NULL, '0000-00-00 00:00:00', '0000-00-00 00:00:00'),
(136, 136, 7, NULL, NULL, 0, 1, 0, 0, 3, 4, 0, 9, 0, 0, 0, 1, 0, 0, 0, 1, NULL, NULL, NULL, NULL, NULL, NULL, NULL, '0000-00-00 00:00:00', '0000-00-00 00:00:00'),
(137, 137, 26, NULL, NULL, 0, 1, 0, 0, 2, 10, 0, 5, 0, 0, 0, 2, 0, 0, 0, 3, NULL, NULL, NULL, NULL, NULL, NULL, NULL, '0000-00-00 00:00:00', '0000-00-00 00:00:00'),
(138, 138, 26, NULL, NULL, 1, 0, 0, 1, 2, 8, 0, 6, 0, 0, 0, 1, 0, 0, 0, 0, NULL, NULL, NULL, NULL, NULL, NULL, NULL, '0000-00-00 00:00:00', '0000-00-00 00:00:00'),
(139, 139, 12, NULL, NULL, 0, 1, 0, 0, 0, 16, 0, 6, 6, 0, 0, 1, 0, 0, 0, 0, NULL, NULL, NULL, NULL, NULL, NULL, NULL, '0000-00-00 00:00:00', '0000-00-00 00:00:00'),
(140, 140, 58, NULL, NULL, 0, 1, 0, 0, 10, 0, 0, 11, 0, 0, 0, 1, 0, 0, 1, 0, NULL, NULL, NULL, NULL, NULL, NULL, NULL, '0000-00-00 00:00:00', '0000-00-00 00:00:00'),
(141, 141, 69, NULL, NULL, 0, 1, 0, 0, 1, 10, 0, 12, 0, 0, 0, 1, 0, 0, 0, 1, NULL, NULL, NULL, NULL, NULL, NULL, NULL, '0000-00-00 00:00:00', '0000-00-00 00:00:00'),
(142, 142, 20, NULL, NULL, 0, 1, 0, 0, 3, 6, 0, 5, 0, 0, 0, 0, 0, 0, 0, 0, NULL, NULL, NULL, NULL, NULL, NULL, NULL, '0000-00-00 00:00:00', '0000-00-00 00:00:00'),
(143, 143, 30, NULL, NULL, 0, 1, 0, 0, 3, 7, 0, 4, 0, 0, 0, 1, 0, 0, 1, 0, NULL, NULL, NULL, NULL, NULL, NULL, NULL, '0000-00-00 00:00:00', '0000-00-00 00:00:00'),
(144, 144, 13, NULL, NULL, 0, 1, 0, 1, 2, 5, 0, 4, 0, 0, 0, 1, 0, 0, 0, 0, NULL, NULL, NULL, NULL, NULL, NULL, NULL, '0000-00-00 00:00:00', '0000-00-00 00:00:00'),
(145, 145, 14, NULL, NULL, 0, 1, NULL, NULL, NULL, 1, NULL, NULL, NULL, NULL, NULL, NULL, NULL, NULL, NULL, NULL, NULL, NULL, NULL, NULL, NULL, NULL, NULL, '0000-00-00 00:00:00', '0000-00-00 00:00:00'),
(146, 146, 14, NULL, NULL, 1, 0, 0, 0, 1, 5, 0, 3, 0, 0, 0, 1, 0, 0, 0, 1, NULL, NULL, NULL, NULL, NULL, NULL, NULL, '0000-00-00 00:00:00', '0000-00-00 00:00:00'),
(147, 147, 14, NULL, NULL, 1, 0, 0, 0, 2, 7, 0, 5, 0, 0, 0, 1, 0, 0, 0, 1, NULL, NULL, NULL, NULL, NULL, NULL, NULL, '0000-00-00 00:00:00', '0000-00-00 00:00:00'),
(148, 148, 38, NULL, NULL, 0, 1, 0, 1, 1, 8, 0, 6, 0, 0, 0, 1, 0, 0, 1, 0, NULL, NULL, NULL, NULL, NULL, NULL, NULL, '0000-00-00 00:00:00', '0000-00-00 00:00:00'),
(149, 149, 33, 33, 9, 0, 1, 0, 0, 0, 2, 0, 6, 0, 0, 0, 1, 0, 0, 0, 1, 0, 0, 4, 11, NULL, NULL, NULL, '0000-00-00 00:00:00', '0000-00-00 00:00:00'),
(150, 150, 18, 6, 9, 0, 1, 1, 0, 1, 2, 0, 8, 0, 0, 0, 1, 0, 0, 1, 0, 0, 0, 2, 7, NULL, NULL, NULL, '0000-00-00 00:00:00', '0000-00-00 00:00:00'),
(151, 151, 37, NULL, 9, 0, 1, 0, 1, 0, 1, 0, 9, 0, 0, 0, 1, 0, 0, 1, 0, 0, 0, 1, 12, NULL, NULL, NULL, '0000-00-00 00:00:00', '0000-00-00 00:00:00'),
(152, 152, 22, NULL, 9, 1, 0, 0, 0, 1, 0, 0, 7, 0, 0, 0, 0, 0, 0, 0, 0, 0, 0, 5, 5, NULL, NULL, NULL, '0000-00-00 00:00:00', '0000-00-00 00:00:00'),
(153, 153, 39, NULL, 10, 1, 0, 0, 0, 1, 1, 0, 9, 0, 0, 0, 0, 0, 0, 0, 0, 0, 0, 1, 13, NULL, NULL, NULL, '0000-00-00 00:00:00', '0000-00-00 00:00:00'),
(154, 154, 52, 20, 36, 0, 1, 0, 0, 0, 3, 1, 10, 0, 0, 0, 2, 0, 0, 1, 1, 0, 0, 3, 5, NULL, NULL, NULL, '0000-00-00 00:00:00', '0000-00-00 00:00:00'),
(155, 155, 28, 12, 8, 0, 1, 0, 0, 0, 2, 0, 8, 0, 0, 0, 0, 0, 0, 1, 0, 0, 0, 7, 6, NULL, NULL, NULL, '0000-00-00 00:00:00', '0000-00-00 00:00:00'),
(156, 156, 17, 6, 3, 1, 0, 0, 0, 0, 4, 0, 4, 0, 0, 0, 1, 0, 0, 0, 1, 0, 0, 2, 10, NULL, NULL, NULL, '0000-00-00 00:00:00', '0000-00-00 00:00:00'),
(157, 157, 26, 26, 6, 0, 1, 0, 1, 3, 16, 0, 8, 0, 0, 0, 1, 0, 0, 0, 0, 0, 0, 0, 3, NULL, NULL, NULL, '0000-00-00 00:00:00', '0000-00-00 00:00:00'),
(158, 158, 17, 0, NULL, 1, 0, 0, 0, 0, 1, 0, 6, 0, 0, 0, 1, 0, 0, 1, 0, 0, 0, 1, 14, NULL, NULL, NULL, '0000-00-00 00:00:00', '0000-00-00 00:00:00'),
(159, 159, 15, NULL, 3, NULL, NULL, NULL, NULL, NULL, NULL, NULL, NULL, NULL, NULL, NULL, NULL, NULL, NULL, NULL, NULL, NULL, NULL, NULL, NULL, NULL, NULL, NULL, '0000-00-00 00:00:00', '0000-00-00 00:00:00'),
(160, 160, 18, 2, 5, 1, 0, 0, 0, 2, 1, 0, 5, 0, 0, 0, 0, 0, 0, 0, 0, 0, 0, 4, 8, NULL, NULL, NULL, '0000-00-00 00:00:00', '0000-00-00 00:00:00'),
(161, 161, 28, NULL, 8, 1, 0, 0, 0, 0, 1, 0, 8, 0, 0, 0, 1, 0, 0, 0, 2, 0, 0, 0, 8, NULL, NULL, NULL, '0000-00-00 00:00:00', '0000-00-00 00:00:00'),
(162, 162, 31, 9, 5, 0, 1, 0, 0, 0, 1, 0, 6, 0, 0, 0, 1, 0, 0, 0, 0, 0, 0, 0, 7, NULL, NULL, NULL, '0000-00-00 00:00:00', '0000-00-00 00:00:00'),
(163, 163, 14, NULL, 6, 0, 1, 0, 0, 0, 1, 0, 8, 0, 0, 1, 0, 0, 0, 1, 0, 0, 0, 0, 10, NULL, NULL, NULL, '0000-00-00 00:00:00', '0000-00-00 00:00:00'),
(164, 164, 18, NULL, 5, 0, 1, 0, 1, 0, 1, 0, 4, 0, 0, 0, 1, 0, 0, 1, 0, 0, 0, 4, 8, NULL, NULL, NULL, '0000-00-00 00:00:00', '0000-00-00 00:00:00'),
(165, 165, 28, 0, 13, 1, 1, 0, 0, 0, 5, 1, 13, 0, 0, 0, 1, 0, 0, 0, 1, 0, 0, 4, 4, NULL, NULL, NULL, '0000-00-00 00:00:00', '0000-00-00 00:00:00'),
(166, 166, 23, NULL, 8, 0, 1, 0, 1, 1, 1, 0, 9, 0, 0, 0, 0, 0, 0, 1, 0, 0, 0, 1, 6, NULL, NULL, NULL, '0000-00-00 00:00:00', '0000-00-00 00:00:00'),
(167, 167, 26, NULL, 8, 1, 0, 0, 0, 1, 1, 0, 11, 0, 0, 1, 0, 0, 0, 1, 0, 0, 0, 4, 15, NULL, NULL, NULL, '0000-00-00 00:00:00', '0000-00-00 00:00:00'),
(168, 168, 30, 9, 0, 1, 0, 0, 0, 3, 6, 0, 12, 0, 0, 0, 0, 0, 0, 0, 1, 0, 0, 4, 5, NULL, NULL, NULL, '0000-00-00 00:00:00', '0000-00-00 00:00:00'),
(169, 169, 25, 0, 8, 0, 1, 1, 0, 1, 6, 0, 8, 0, 0, 0, 1, 0, 0, 0, 0, 1, 1, 2, 6, NULL, NULL, NULL, '0000-00-00 00:00:00', '0000-00-00 00:00:00'),
(170, 170, 16, NULL, NULL, 0, 1, 1, 0, 2, 5, 14, 0, 0, 0, 0, 1, 0, 0, 0, 0, 0, 0, NULL, NULL, NULL, NULL, NULL, '0000-00-00 00:00:00', '0000-00-00 00:00:00'),
(171, 171, 34, NULL, NULL, 0, 1, 1, 0, 4, 6, 0, 7, 0, 0, 0, 1, 0, 0, 0, 1, 0, 0, NULL, NULL, NULL, NULL, NULL, '0000-00-00 00:00:00', '0000-00-00 00:00:00'),
(172, 172, 20, 4, NULL, 0, 1, 0, 1, 0, 1, 0, 7, 0, 0, 0, 1, 0, 0, 0, 1, 0, 34, NULL, NULL, NULL, NULL, NULL, '0000-00-00 00:00:00', '0000-00-00 00:00:00'),
(173, 173, 11, 0, NULL, 0, 1, 0, 1, 0, 1, 0, 14, NULL, NULL, NULL, 1, NULL, NULL, NULL, NULL, NULL, NULL, NULL, NULL, NULL, NULL, NULL, '0000-00-00 00:00:00', '0000-00-00 00:00:00'),
(174, 174, 12, 2, NULL, 0, 1, 0, 1, 0, 1, 0, 14, NULL, NULL, NULL, 1, NULL, NULL, NULL, NULL, NULL, NULL, NULL, NULL, NULL, NULL, NULL, '0000-00-00 00:00:00', '0000-00-00 00:00:00'),
(175, 175, 24, 1, NULL, 0, 1, 0, 1, 0, 1, 0, 16, NULL, NULL, NULL, 1, NULL, NULL, NULL, NULL, NULL, NULL, NULL, NULL, NULL, NULL, NULL, '0000-00-00 00:00:00', '0000-00-00 00:00:00'),
(176, 176, 21, 3, NULL, 0, 1, 0, 1, 0, 1, 0, 7, NULL, NULL, NULL, 1, NULL, NULL, NULL, NULL, NULL, NULL, NULL, NULL, NULL, NULL, NULL, '0000-00-00 00:00:00', '0000-00-00 00:00:00'),
(177, 177, 23, NULL, NULL, NULL, NULL, NULL, NULL, NULL, NULL, NULL, NULL, NULL, NULL, NULL, NULL, NULL, NULL, NULL, NULL, NULL, NULL, NULL, NULL, NULL, NULL, NULL, '0000-00-00 00:00:00', '0000-00-00 00:00:00'),
(178, 178, 23, NULL, NULL, NULL, NULL, NULL, NULL, NULL, NULL, NULL, NULL, NULL, NULL, NULL, NULL, NULL, NULL, NULL, NULL, NULL, NULL, NULL, NULL, NULL, NULL, NULL, '0000-00-00 00:00:00', '0000-00-00 00:00:00'),
(179, 179, 17, NULL, NULL, 1, 0, 1, 0, 4, 2, 0, 6, 0, 0, 1, 0, 0, 0, 0, 0, NULL, NULL, NULL, NULL, NULL, NULL, NULL, '0000-00-00 00:00:00', '0000-00-00 00:00:00'),
(180, 180, 0, 0, 0, 0, 0, 0, 0, 0, 0, 0, 0, 0, 0, 0, 0, 0, 0, 0, 0, 0, 0, 0, 0, 0, 0, 0, '2018-03-13 23:12:01', '2018-03-13 23:12:01'),
(183, 183, 0, 0, 0, 0, 0, 0, 0, 0, 0, 0, 0, 0, 0, 0, 0, 0, 0, 0, 0, 0, 0, 0, 0, 0, 0, 0, '2018-03-13 23:13:51', '2018-03-13 23:13:51');

-- --------------------------------------------------------

--
-- Table structure for table `facilities`
--

CREATE TABLE `facilities` (
  `id` int(10) UNSIGNED NOT NULL,
  `status_id` int(11) NOT NULL,
  `region` varchar(191) COLLATE utf8mb4_unicode_ci NOT NULL,
  `province` varchar(191) COLLATE utf8mb4_unicode_ci NOT NULL,
  `mun_city` varchar(191) COLLATE utf8mb4_unicode_ci NOT NULL,
  `name` varchar(191) COLLATE utf8mb4_unicode_ci NOT NULL,
  `area_type` varchar(191) COLLATE utf8mb4_unicode_ci DEFAULT NULL,
  `type_id` int(11) DEFAULT NULL,
  `moa` tinyint(4) DEFAULT NULL,
  `income_class` tinyint(4) DEFAULT NULL,
  `doh_facility_code` varchar(191) COLLATE utf8mb4_unicode_ci DEFAULT NULL,
  `is_gida` tinyint(1) DEFAULT NULL,
  `population` int(11) DEFAULT NULL,
  `num_of_nhts_families_feb2016` int(11) DEFAULT NULL,
  `num_of_nhts_members` int(11) DEFAULT NULL,
  `created_at` timestamp NULL DEFAULT NULL,
  `updated_at` timestamp NULL DEFAULT NULL
) ENGINE=InnoDB DEFAULT CHARSET=utf8mb4 COLLATE=utf8mb4_unicode_ci;

--
-- Dumping data for table `facilities`
--

INSERT INTO `facilities` (`id`, `status_id`, `region`, `province`, `mun_city`, `name`, `area_type`, `type_id`, `moa`, `income_class`, `doh_facility_code`, `is_gida`, `population`, `num_of_nhts_families_feb2016`, `num_of_nhts_members`, `created_at`, `updated_at`) VALUES
(1, 3, 'NCR', 'Metro Manila', 'Pateros', 'Pateros', 'Municipality', 1, 0, 1, 'DOH000000000023643', 0, 64147, 498, NULL, '0000-00-00 00:00:00', '2018-05-09 22:45:56'),
(2, 1, 'Region 1', 'Ilocos Norte', 'Dumalneg', 'Dumalneg', 'Municipality', 1, 0, 5, 'DOH000000000003005', 1, 2825, 350, NULL, '0000-00-00 00:00:00', '0000-00-00 00:00:00'),
(3, 1, 'Region 1', 'Ilocos Sur', 'Alilem', 'Alilem', 'Municipality', 1, 0, 4, 'DOH000000000003126', 1, 6810, 2012, NULL, '0000-00-00 00:00:00', '0000-00-00 00:00:00'),
(4, 1, 'Region 1', 'Ilocos Sur', 'Bantay', 'Bantay', 'Municipality', 1, 0, 3, 'DOH000000000001712', 0, 36828, 2418, NULL, '0000-00-00 00:00:00', '0000-00-00 00:00:00'),
(5, 1, 'Region 1', 'Ilocos Sur', 'Candon City', 'Candon City', 'City', 1, 0, 4, 'DOH000000000003169', 0, 62792, 5124, NULL, '0000-00-00 00:00:00', '0000-00-00 00:00:00'),
(6, 1, 'Region 1', 'Ilocos Sur', 'Caoayan', 'Caoayan', 'Municipality', 1, 0, 4, 'DOH000000000006679', 0, 19398, 2137, NULL, '0000-00-00 00:00:00', '0000-00-00 00:00:00'),
(7, 1, 'Region 1', 'Ilocos Sur', 'Cervantes', 'Cervantes', 'Municipality', 3, 1, 4, 'DOH000000000004672', 0, 18198, 2986, NULL, '0000-00-00 00:00:00', '0000-00-00 00:00:00'),
(8, 1, 'Region 1', 'Ilocos Sur', 'Gregorio Del Pilar', 'Gregorio Del Pilar', 'Municipality', 1, 0, 5, 'DOH000000000001720', 1, 4264, 2341, 932, '0000-00-00 00:00:00', '0000-00-00 00:00:00'),
(9, 1, 'Region 1', 'Ilocos Sur', 'Lidlidda', 'Lidlidda', 'Municipality', 1, 0, 5, 'DOH000000000001721', 1, 4638, 797, 808, '0000-00-00 00:00:00', '0000-00-00 00:00:00'),
(10, 1, 'Region 1', 'Ilocos Sur', 'Quirino', 'Quirino', 'Municipality', 1, 0, 4, 'DOH000000000000886', 1, 9517, 2008, NULL, '0000-00-00 00:00:00', '0000-00-00 00:00:00'),
(11, 1, 'Region 1', 'Ilocos Sur', 'Salcedo', 'Salcedo', 'Municipality', 1, 0, 4, 'DOH000000000002580', 1, 11250, 907, 1791, '0000-00-00 00:00:00', '0000-00-00 00:00:00'),
(12, 1, 'Region 1', 'Ilocos Sur', 'San Ildefonso', 'San Ildefonso', 'Municipality', 1, 0, 5, 'DOH000000000001730', 0, 8171, 710, NULL, '0000-00-00 00:00:00', '0000-00-00 00:00:00'),
(13, 1, 'Region 1', 'Ilocos Sur', 'Santa', 'Santa', 'Municipality', 1, 0, 4, 'DOH000000000000162', 0, 15857, 1234, NULL, '0000-00-00 00:00:00', '0000-00-00 00:00:00'),
(14, 1, 'Region 1', 'Ilocos Sur', 'Santa Cruz', 'Santa Cruz', 'Municipality', 1, 0, 1, 'DOH000000000032219', 0, 40148, 4831, NULL, '0000-00-00 00:00:00', '0000-00-00 00:00:00'),
(15, 1, 'Region 1', 'Ilocos Sur', 'Sigay', 'Sigay', 'Municipality', 1, 0, 5, 'DOH000000000005022', 1, 2442, 852, NULL, '0000-00-00 00:00:00', '0000-00-00 00:00:00'),
(16, 1, 'Region 1', 'Ilocos Sur', 'Santo Domingo', 'Santo Domingo', 'Municipality', 1, 0, 3, 'DOH000000000002069', 0, 29623, 2774, NULL, '0000-00-00 00:00:00', '0000-00-00 00:00:00'),
(17, 1, 'Region 1', 'Ilocos Sur', 'Sugpon', 'Sugpon', 'Municipality', 1, 0, 5, 'DOH000000000004610', 1, 4014, 366, 830, '0000-00-00 00:00:00', '0000-00-00 00:00:00'),
(18, 1, 'Region 1', 'Ilocos Sur', 'Suyo', 'Suyo', 'Municipality', 1, 0, 4, 'DOH000000000007698', 0, 11727, 2747, NULL, '0000-00-00 00:00:00', '0000-00-00 00:00:00'),
(19, 1, 'Region 1', 'Ilocos Sur', 'Vigan City', 'Vigan City', 'City', 1, 0, 4, 'DOH000000000001736', 0, 52712, 3000, NULL, '0000-00-00 00:00:00', '0000-00-00 00:00:00'),
(20, 1, 'Region 1', 'La Union', 'Burgos', 'Burgos', 'Municipality', 1, 0, 5, 'DOH000000000000193', 1, 8598, 692, 1798, '0000-00-00 00:00:00', '0000-00-00 00:00:00'),
(21, 3, 'Region 1', 'La Union', 'Santol', 'Santol', 'Municipality', 3, 1, 4, 'DOH000000000000162', 0, 12344, 821, NULL, '0000-00-00 00:00:00', '0000-00-00 00:00:00'),
(22, 1, 'Region 1', 'Pangasinan', 'Agno', 'Agno', 'Municipality', 1, 0, 3, 'DOH000000000003768', 0, 27508, NULL, NULL, '0000-00-00 00:00:00', '0000-00-00 00:00:00'),
(23, 1, 'Region 1', 'Pangasinan', 'Aguilar', 'Aguilar', 'Municipality', 1, 0, 3, 'DOH000000000009529', 0, 44227, 4814, NULL, '0000-00-00 00:00:00', '0000-00-00 00:00:00'),
(24, 1, 'Region 1', 'Pangasinan', 'Bani', 'Bani 1', 'Municipality', 1, 0, 2, 'DOH000000000001065', 0, 28054, 1033, 5165, '0000-00-00 00:00:00', '0000-00-00 00:00:00'),
(25, 1, 'Region 1', 'Pangasinan', 'Bani', 'Bani 2', 'Municipality', 1, 0, 2, 'DOH000000000006103', 0, 19495, 876, 4380, '0000-00-00 00:00:00', '0000-00-00 00:00:00'),
(26, 1, 'Region 1', 'Pangasinan', 'Basista', 'Basista', 'Municipality', 1, 0, 4, 'DOH000000000002015', 0, 25000, 770, 3851, '0000-00-00 00:00:00', '0000-00-00 00:00:00'),
(27, 1, 'Region 1', 'Pangasinan', 'Bayambang', 'Bayambang 2', 'Municipality', 1, 0, 1, 'DOH000000000003356', 0, 50170, 11511, 18330, '0000-00-00 00:00:00', '0000-00-00 00:00:00'),
(28, 1, 'Region 1', 'Pangasinan', 'Dagupan City', 'Dagupan City', 'City', 1, 0, 1, NULL, NULL, NULL, NULL, NULL, '0000-00-00 00:00:00', '0000-00-00 00:00:00'),
(29, 1, 'Region 1', 'Pangasinan', 'Binalonan', 'DepEd Division II', 'Municipality', 1, 0, NULL, NULL, NULL, NULL, NULL, NULL, '0000-00-00 00:00:00', '0000-00-00 00:00:00'),
(30, 1, 'Region 1', 'Pangasinan', 'Binmaley', 'Binmaley', 'Municipality', 1, 0, 1, 'DOH000000000000922', 0, 72625, NULL, NULL, '0000-00-00 00:00:00', '0000-00-00 00:00:00'),
(31, 1, 'Region 1', 'Pangasinan', 'Bolinao', 'Bolinao 1', 'Municipality', 1, 0, 1, 'DOH000000000001713', 0, 63916, 5577, NULL, '0000-00-00 00:00:00', '0000-00-00 00:00:00'),
(32, 1, 'Region 1', 'Pangasinan', 'Bolinao', 'Bolinao 2', 'Municipality', 1, 0, 1, 'DOH000000000002500', 0, 23641, 1578, NULL, '0000-00-00 00:00:00', '0000-00-00 00:00:00'),
(33, 1, 'Region 1', 'Pangasinan', 'Calasiao', 'Calasiao 1', 'Municipality', 1, 0, 1, 'DOH000000000006749', 0, 50432, 1749, 8743, '0000-00-00 00:00:00', '0000-00-00 00:00:00'),
(34, 1, 'Region 1', 'Pangasinan', 'Calasiao', 'Calasiao 2', 'Municipality', 1, 0, 1, 'DOH000000000001718', 0, 48732, 607, 3037, '0000-00-00 00:00:00', '0000-00-00 00:00:00'),
(35, 1, 'Region 1', 'Pangasinan', 'Laoac', 'Laoac', 'Municipality', 1, 0, 4, 'DOH000000000005782', 0, 30631, 2880, NULL, '0000-00-00 00:00:00', '0000-00-00 00:00:00'),
(36, 1, 'Region 1', 'Pangasinan', 'Malasiqui', 'Malasiqui 1', 'Municipality', 1, 0, 1, 'DOH000000000007141', 0, 123566, 23219, 22744, '0000-00-00 00:00:00', '0000-00-00 00:00:00'),
(37, 1, 'Region 1', 'Pangasinan', 'Malasiqui', 'Malasiqui 2', 'Municipality', 1, 0, 1, NULL, NULL, NULL, NULL, NULL, '0000-00-00 00:00:00', '0000-00-00 00:00:00'),
(38, 1, 'Region 1', 'Pangasinan', 'Mangaldan', 'Mangaldan', 'Municipality', 1, 0, 1, 'DOH000000000000924', 0, 108653, 2297, 11483, '0000-00-00 00:00:00', '0000-00-00 00:00:00'),
(39, 1, 'Region 1', 'Pangasinan', 'Mapandan', 'Mapandan', 'Municipality', 1, 0, 3, 'DOH000000000006508', 0, 39530, 4295, NULL, '0000-00-00 00:00:00', '0000-00-00 00:00:00'),
(40, 1, 'Region 1', 'Pangasinan', 'San Jacinto', 'San Jacinto', 'Municipality', 1, 0, 3, 'DOH000000000006139', 0, 41077, 673, 3055, '0000-00-00 00:00:00', '0000-00-00 00:00:00'),
(41, 1, 'Region 1', 'Pangasinan', 'San Manuel P', 'San Manuel P', 'Municipality', 1, 0, 1, 'DOH000000000001739', 0, 47880, 3885, NULL, '0000-00-00 00:00:00', '0000-00-00 00:00:00'),
(42, 1, 'Region 1', 'Pangasinan', 'San Nicolas', 'San Nicolas', 'Municipality', 1, 0, 1, 'DOH000000000000173', NULL, NULL, NULL, NULL, '0000-00-00 00:00:00', '0000-00-00 00:00:00'),
(43, 1, 'Region 1', 'Pangasinan', 'Sta Barbara', 'Sta Barbara', 'Municipality', 1, 0, 1, 'DOH000000000002684', 0, 87840, 5018, NULL, '0000-00-00 00:00:00', '0000-00-00 00:00:00'),
(44, 1, 'Region 1', 'Pangasinan', 'Sual', 'Sual', 'Municipality', 1, 0, 1, 'DOH000000000006750', 0, 20031, 6401, 5632, '0000-00-00 00:00:00', '0000-00-00 00:00:00'),
(45, 1, 'Region 1', 'Pangasinan', 'Urbiztondo', 'Urbiztondo', 'Municipality', 1, 0, 3, 'DOH000000000000010', 0, 53515, 6490, NULL, '0000-00-00 00:00:00', '0000-00-00 00:00:00'),
(46, 1, 'Region 1', 'Pangasinan', 'Urdaneta City', 'Urdaneta City', 'City', 1, 0, 2, 'DOH000000000001781', 0, 116699, 10184, 13134, '0000-00-00 00:00:00', '0000-00-00 00:00:00'),
(47, 3, 'Region 1', 'Pangasinan', 'Villasis', 'Villasis', 'Municipality', 1, 0, 1, 'DOH000000000002199', 0, 61685, 4076, NULL, '0000-00-00 00:00:00', '0000-00-00 00:00:00'),
(48, 1, 'CAR', 'Benguet', 'Baguio City', 'Baguio City (Asin District)', 'City', 1, 0, 1, 'DOH000000000008076', 0, 22838, 3459, 3459, '0000-00-00 00:00:00', '2018-03-22 20:32:43'),
(49, 1, 'CAR', 'Benguet', 'Baguio City', 'Baguio City (Atab)', 'City', 1, 0, 1, 'DOH000000000008077', 0, 35098, NULL, 373, '0000-00-00 00:00:00', '2018-03-22 20:35:10'),
(50, 1, 'CAR', 'Benguet', 'Baguio City', 'Baguio City (Atok)', 'City', 1, 0, 1, 'DOH000000000002759', 0, 14302, 222, NULL, '0000-00-00 00:00:00', '2018-03-22 20:36:07'),
(51, 1, 'CAR', 'Benguet', 'Baguio City', 'Baguio City (Aurora Hill)', 'City', 1, 0, 1, 'DOH000000000002845', 0, 20390, NULL, 566, '0000-00-00 00:00:00', '2018-03-22 20:31:12'),
(52, 1, 'CAR', 'Benguet', 'Baguio City', 'Baguio City (Campo Filipino)', 'City', 1, 0, 1, 'DOH000000000003568', 0, 15954, 96, NULL, '0000-00-00 00:00:00', '2018-03-22 20:37:54'),
(53, 1, 'CAR', 'Benguet', 'Baguio City', 'Baguio City (City Camp)', 'City', 1, 0, 1, 'DOH000000000003321', 0, 31980, 385, 385, '0000-00-00 00:00:00', '2018-03-22 20:38:45'),
(54, 1, 'CAR', 'Benguet', 'Baguio City', 'Baguio City (Engineer\'s Hill District)', 'City', 1, 0, 1, 'DOH000000000000849', 0, 30329, 63, 63, '0000-00-00 00:00:00', '2018-03-22 20:39:49'),
(55, 1, 'CAR', 'Benguet', 'Baguio City', 'Baguio City (Irisan)', 'City', 1, 0, 1, 'DOH000000000003227', 0, 32327, 220, 612, '0000-00-00 00:00:00', '2018-03-22 20:40:17'),
(56, 1, 'CAR', 'Benguet', 'Baguio City', 'Baguio City (Loakan)', 'City', 1, 0, 1, 'DOH000000000005693', 0, 26186, NULL, NULL, '0000-00-00 00:00:00', '2018-03-22 20:41:10'),
(57, 1, 'CAR', 'Benguet', 'Baguio City', 'Baguio City (Lucban)', 'City', 1, 0, 1, 'DOH000000000006725', 0, 40832, NULL, 164, '0000-00-00 00:00:00', '2018-03-22 20:41:59'),
(58, 1, 'CAR', 'Benguet', 'Baguio City', 'Baguio City (Mines View)', 'City', 1, 0, 1, 'DOH000000000003240', 0, 14579, 718, 218, '0000-00-00 00:00:00', '2018-03-22 20:42:30'),
(59, 1, 'CAR', 'Benguet', 'Baguio City', 'Baguio City (Pacdal District)', 'City', 1, 0, 1, 'DOH000000000005207', 0, 15702, NULL, NULL, '0000-00-00 00:00:00', '2018-03-22 20:43:53'),
(60, 1, 'CAR', 'Benguet', 'Baguio City', 'Baguio City (Pinsao)', 'City', 1, 0, 1, 'DOH000000000002900', 0, 22004, 85, 170, '0000-00-00 00:00:00', '2018-03-22 20:43:08'),
(61, 1, 'CAR', 'Benguet', 'Baguio City', 'Baguio City (Quezon Hill)', 'City', 1, 0, 1, NULL, 0, 20230, NULL, NULL, '0000-00-00 00:00:00', '2018-03-22 20:46:08'),
(62, 1, 'CAR', 'Benguet', 'Baguio City', 'Baguio City (Quirino Hill)', 'City', 1, 0, 1, 'DOH000000000017474', 0, 14152, 11, 121, '0000-00-00 00:00:00', '2018-03-22 20:46:47'),
(63, 1, 'CAR', 'Benguet', 'Baguio City', 'Baguio City (Scout Barrio)', 'City', 1, 0, 1, 'DOH000000000003054', 0, 11291, NULL, 477, '0000-00-00 00:00:00', '2018-03-22 20:47:19'),
(64, 3, 'Region 2', 'Nueva Vizcaya', 'Kayapa', 'Kayapa', 'Municipality', 3, 2, 3, 'DOH000000000003068', 0, 21453, NULL, NULL, '0000-00-00 00:00:00', '0000-00-00 00:00:00'),
(65, 1, 'Region 3', 'Aurora', 'Dilasag', 'Dilasag Rural Health Unit', 'Municipality', 1, 0, 3, NULL, NULL, NULL, NULL, NULL, '0000-00-00 00:00:00', '0000-00-00 00:00:00'),
(66, 1, 'Region 3', 'Aurora', 'Dipaculao', 'Dipaculao Municipal Health Office', 'Municipality', 1, 0, 3, 'DOH000000000001410', 0, 32474, 1500, NULL, '0000-00-00 00:00:00', '0000-00-00 00:00:00'),
(67, 1, 'Region 3', 'Aurora', 'San Luis', 'Rosauro R. Tangson Memorial Clinic', 'Municipality', 1, 0, 2, NULL, NULL, NULL, NULL, NULL, '0000-00-00 00:00:00', '0000-00-00 00:00:00'),
(68, 1, 'Region 3', 'Bulacan', 'Norzagaray', 'Norzagaray 1', 'Municipality', 1, 0, 1, 'DOH000000000007228', 0, 39, NULL, NULL, '0000-00-00 00:00:00', '0000-00-00 00:00:00'),
(69, 1, 'Region 3', 'Bulacan', 'Norzagaray', 'Norzagaray 2', 'Municipality', 1, 0, 1, 'DOH000000000007438', 0, 33, NULL, NULL, '0000-00-00 00:00:00', '0000-00-00 00:00:00'),
(70, 1, 'Region 3', 'Bulacan', 'Norzagaray', 'Norzagaray 3', 'Municipality', 1, 0, 1, 'DOH000000000032068', 0, 16, NULL, NULL, '0000-00-00 00:00:00', '0000-00-00 00:00:00'),
(71, 1, 'Region 3', 'Nueva Ecija', 'Cuyapo', 'Cuyapo 1', 'Municipality', 1, 0, 1, 'DOH000000000001907', 0, 28269, NULL, 10026, '0000-00-00 00:00:00', '0000-00-00 00:00:00'),
(72, 1, 'Region 3', 'Nueva Ecija', 'Cuyapo', 'Cuyapo 2', 'Municipality', 1, 0, 1, 'DOH000000000005150', 0, 36520, NULL, NULL, '0000-00-00 00:00:00', '0000-00-00 00:00:00'),
(73, 1, 'Region 3', 'Tarlac', 'Anao', 'Anao', 'Municipality', 1, 0, 5, 'DOH000000000003157', 0, 11293, 252, 1206, '0000-00-00 00:00:00', '0000-00-00 00:00:00'),
(74, 1, 'Region 3', 'Tarlac', 'Bamban', 'Bamban 1', 'Municipality', 1, 0, 2, 'DOH000000000023671', 0, 36138, 466, 3363, '0000-00-00 00:00:00', '0000-00-00 00:00:00'),
(75, 1, 'Region 3', 'Tarlac', 'Bamban', 'Bamban 2', 'Municipality', 1, 0, 2, 'DOH000000000006103', 0, 36416, 694, NULL, '0000-00-00 00:00:00', '0000-00-00 00:00:00'),
(76, 1, 'Region 3', 'Tarlac', 'Capas', 'Capas 1', 'Municipality', 1, 0, 1, 'DOH000000000003037', 0, 77416, 4819, NULL, '0000-00-00 00:00:00', '0000-00-00 00:00:00'),
(77, 1, 'Region 3', 'Tarlac', 'Capas', 'Capas 2', 'Municipality', 1, 0, 1, 'DOH000000000007222', 0, 35549, 1185, NULL, '0000-00-00 00:00:00', '0000-00-00 00:00:00'),
(78, 1, 'Region 3', 'Tarlac', 'Capas', 'Capas 3', 'Municipality', 1, 0, 1, 'DOH000000000023668', 0, 31951, 1083, NULL, '0000-00-00 00:00:00', '0000-00-00 00:00:00'),
(79, 1, 'Region 3', 'Tarlac', 'Tarlac City', 'City Health Center 1', 'City', 1, 0, 1, 'DOH000000000007233', 0, 43276, 3194, NULL, '0000-00-00 00:00:00', '0000-00-00 00:00:00'),
(80, 1, 'Region 3', 'Tarlac', 'Tarlac City', 'City Health Center 10', 'City', 1, 0, 1, 'DOH000000000000189', 0, 35590, 2353, 2378, '0000-00-00 00:00:00', '0000-00-00 00:00:00'),
(81, 1, 'Region 3', 'Tarlac', 'Tarlac City', 'City Health Center 2', 'City', 1, 0, 1, 'DOH000000000007232', 0, 43236, 2818, NULL, '0000-00-00 00:00:00', '0000-00-00 00:00:00'),
(82, 1, 'Region 3', 'Tarlac', 'Tarlac City', 'City Health Center 3', 'City', 1, 0, 1, 'DOH000000000004241', 0, 47034, 3365, NULL, '0000-00-00 00:00:00', '0000-00-00 00:00:00'),
(83, 1, 'Region 3', 'Tarlac', 'Tarlac City', 'City Health Center 4', 'City', 1, 0, 1, 'DOH000000000005901', 0, 28758, 2194, NULL, '0000-00-00 00:00:00', '0000-00-00 00:00:00'),
(84, 1, 'Region 3', 'Tarlac', 'Tarlac City', 'City Health Center 5', 'City', 1, 0, 1, 'DOH000000000006154', 0, 28467, 2074, NULL, '0000-00-00 00:00:00', '0000-00-00 00:00:00'),
(85, 1, 'Region 3', 'Tarlac', 'Tarlac City', 'City Health Center 6', 'City', 1, 0, 1, 'DOH000000000004626', 0, 29588, 2453, NULL, '0000-00-00 00:00:00', '0000-00-00 00:00:00'),
(86, 1, 'Region 3', 'Tarlac', 'Tarlac City', 'City Health Center 7', 'City', 1, 0, 1, 'DOH000000000005613', 0, 33853, 2947, NULL, '0000-00-00 00:00:00', '0000-00-00 00:00:00'),
(87, 1, 'Region 3', 'Tarlac', 'Tarlac City', 'City Health Center 8', 'City', 1, 0, 1, 'DOH000000000003641', 0, 27463, 2954, NULL, '0000-00-00 00:00:00', '0000-00-00 00:00:00'),
(88, 1, 'Region 3', 'Tarlac', 'Tarlac City', 'City Health Center 9', 'City', 1, 0, 1, 'DOH000000000003642', 0, 33353, 1599, 1656, '0000-00-00 00:00:00', '0000-00-00 00:00:00'),
(89, 1, 'Region 3', 'Tarlac', 'Concepcion', 'Concepcion 1', 'Municipality', 1, 0, 1, 'DOH000000000005654', 0, 76595, 1804, NULL, '0000-00-00 00:00:00', '0000-00-00 00:00:00'),
(90, 1, 'Region 3', 'Tarlac', 'Concepcion', 'Concepcion 2', 'Municipality', 1, 0, 1, 'DOH000000000005712', 0, 36153, 1702, NULL, '0000-00-00 00:00:00', '0000-00-00 00:00:00'),
(91, 1, 'Region 3', 'Tarlac', 'Concepcion', 'Concepcion 3', 'Municipality', 1, 0, 1, 'DOH000000000004121', 0, 41354, 1301, NULL, '0000-00-00 00:00:00', '0000-00-00 00:00:00'),
(92, 1, 'Region 3', 'Tarlac', 'Gerona', 'Gerona 1', 'Municipality', 1, 0, 1, 'DOH000000000004925', 0, 38089, 4858, 10196, '0000-00-00 00:00:00', '0000-00-00 00:00:00'),
(93, 1, 'Region 3', 'Tarlac', 'Gerona', 'Gerona 2', 'Municipality', 1, 0, 1, 'DOH000000000006529', 0, 32888, 3121, 9055, '0000-00-00 00:00:00', '0000-00-00 00:00:00'),
(94, 1, 'Region 3', 'Tarlac', 'Gerona', 'Gerona 3', 'Municipality', 1, 0, 1, 'DOH000000000007139', 0, 17819, 2877, 1948, '0000-00-00 00:00:00', '0000-00-00 00:00:00'),
(95, 1, 'Region 3', 'Tarlac', 'Lapaz', 'Lapaz 1', 'Municipality', 1, 0, 2, 'DOH000000000004048', 0, 37590, 7318, NULL, '0000-00-00 00:00:00', '0000-00-00 00:00:00'),
(96, 1, 'Region 3', 'Tarlac', 'Lapaz', 'Lapaz 2', 'Municipality', 1, 0, 2, 'DOH000000000002098', 0, 27834, 8868, NULL, '0000-00-00 00:00:00', '0000-00-00 00:00:00'),
(97, 1, 'Region 3', 'Tarlac', 'Mayantoc ', 'Mayantoc ', 'Municipality', 1, 0, 3, 'DOH000000000007211', 0, 33051, 4491, 4489, '0000-00-00 00:00:00', '0000-00-00 00:00:00'),
(98, 1, 'Region 3', 'Tarlac', 'Moncada', 'Moncada 1', 'Municipality', 1, 0, 1, 'DOH000000000007229', 0, 35514, NULL, NULL, '0000-00-00 00:00:00', '0000-00-00 00:00:00'),
(99, 1, 'Region 3', 'Tarlac', 'Moncada', 'Moncada 2', 'Municipality', 1, 0, 1, 'DOH000000000007366', 0, 24217, 1504, NULL, '0000-00-00 00:00:00', '0000-00-00 00:00:00'),
(100, 1, 'Region 3', 'Tarlac', 'Paniqui', 'Paniqui 1', 'Municipality', 1, 0, 1, 'DOH000000000003463', 0, 75944, 1431, NULL, '0000-00-00 00:00:00', '0000-00-00 00:00:00'),
(101, 1, 'Region 3', 'Tarlac', 'Paniqui', 'Paniqui 2', 'Municipality', 1, 0, 1, 'DOH000000000002109', 0, 16455, 575, 4970, '0000-00-00 00:00:00', '0000-00-00 00:00:00'),
(102, 1, 'Region 3', 'Tarlac', 'Pura', 'Pura', 'Municipality', 1, 0, 4, 'DOH000000000000049', 0, 23905, 743, NULL, '0000-00-00 00:00:00', '0000-00-00 00:00:00'),
(103, 1, 'Region 3', 'Tarlac', 'Ramos', 'Ramos', 'Municipality', 1, 0, 5, 'DOH000000000007204', 0, 22171, 3170, 2783, '0000-00-00 00:00:00', '0000-00-00 00:00:00'),
(104, 1, 'Region 3', 'Tarlac', 'San Clemente', 'San Clemente', 'Municipality', 1, 0, 5, 'DOH000000000000099', 0, 12909, 1431, 1591, '0000-00-00 00:00:00', '0000-00-00 00:00:00'),
(105, 1, 'Region 3', 'Tarlac', 'San Jose', 'San Jose', 'Municipality', 1, 0, 3, 'DOH000000000003444', 0, 36449, 1916, 6784, '0000-00-00 00:00:00', '0000-00-00 00:00:00'),
(106, 1, 'Region 3', 'Tarlac', 'San Manuel T', 'San Manuel T', 'Municipality', 1, 0, 4, 'DOH000000000007203', 0, 26197, 920, NULL, '0000-00-00 00:00:00', '0000-00-00 00:00:00'),
(107, 1, 'Region 3', 'Tarlac', 'Santa Ignacia', 'Santa Ignacia', 'Municipality', 1, 0, 2, 'DOH000000000007151', 0, 46779, 3532, NULL, '0000-00-00 00:00:00', '0000-00-00 00:00:00'),
(108, 1, 'Region 3', 'Tarlac', 'Victoria', 'Victoria 1', 'Municipality', 1, 0, 2, 'DOH000000000003366', 0, 39249, 3785, NULL, '0000-00-00 00:00:00', '0000-00-00 00:00:00'),
(109, 1, 'Region 3', 'Tarlac', 'Victoria', 'Victoria 2', 'Municipality', 1, 0, 2, 'DOH000000000002522', 0, 25831, 2225, NULL, '0000-00-00 00:00:00', '0000-00-00 00:00:00'),
(110, 1, 'Region 4A', 'Cavite', 'Tanza', 'Tanza', 'Municipality', 1, 0, 1, NULL, NULL, NULL, NULL, NULL, '0000-00-00 00:00:00', '0000-00-00 00:00:00'),
(111, 1, 'Region 4A', 'Laguna', 'Mabitac', 'Mabitac', 'Municipality', 1, 0, 5, 'DOH000000000007451', 0, 20693, 652, NULL, '0000-00-00 00:00:00', '0000-00-00 00:00:00'),
(112, 1, 'Region 4A', 'Laguna', 'Siniloan', 'Siniloan', 'Municipality', 1, 0, 2, 'DOH000000000007400', 0, 38401, 2527, NULL, '0000-00-00 00:00:00', '0000-00-00 00:00:00'),
(113, 1, 'Region 4A', 'Quezon', 'Polillo', 'Polillo', 'Municipality', 1, 0, 3, NULL, NULL, NULL, NULL, NULL, '0000-00-00 00:00:00', '0000-00-00 00:00:00'),
(114, 1, 'Region 4A', 'Quezon', 'Real', 'Real', 'Municipality', 1, 0, 1, 'DOH000000000004485', 0, 37901, 925, 5553, '0000-00-00 00:00:00', '0000-00-00 00:00:00'),
(115, 1, 'Region 4A', 'Quezon', 'San Antonio', 'San Antonio', 'Municipality', 1, 0, 4, 'DOH000000000001698', 0, 31681, 2000, NULL, '0000-00-00 00:00:00', '0000-00-00 00:00:00'),
(116, 1, 'Region 4A', 'Quezon', 'Sariaya', 'Sariaya', 'Municipality', 1, 0, 1, 'DOH000000000002545', NULL, NULL, NULL, NULL, '0000-00-00 00:00:00', '0000-00-00 00:00:00'),
(117, 1, 'Region 4A', 'Quezon', 'Tiaong', 'Tiaong', 'Municipality', 1, 0, 1, 'DOH000000000003693', 0, 104604, 10800, NULL, '0000-00-00 00:00:00', '0000-00-00 00:00:00'),
(118, 1, 'Region 4B', 'Palawan', 'Brooke\'s Point', 'Brooke\'s Point', 'Municipality', 2, 0, 1, 'DOH000000000003726', 0, 61301, 6233, NULL, '0000-00-00 00:00:00', '0000-00-00 00:00:00'),
(119, 1, 'Region 4B', 'Palawan', 'Narra', 'Narra', 'Municipality', 2, 0, 1, 'DOH000000000003798', 0, 65264, 3985, NULL, '0000-00-00 00:00:00', '0000-00-00 00:00:00'),
(120, 1, 'Region 4B', 'Palawan', 'Puerto Princesa', 'Puerto Princesa', 'City', 2, 0, 1, 'DOH000000000003938', 0, 269721, 28000, NULL, '0000-00-00 00:00:00', '0000-00-00 00:00:00'),
(121, 1, 'Region 4B', 'Palawan', 'Roxas', 'Roxas', 'Municipality', 2, 0, 1, 'DOH000000000007441', 0, 61058, 4881, NULL, '0000-00-00 00:00:00', '0000-00-00 00:00:00'),
(122, 1, 'Region 4B', 'Romblon', 'Cajidiocan', 'Cajidiocan', 'Municipality', 3, 1, 4, 'DOH000000000004353', 0, 21198, 1686, 1029, '0000-00-00 00:00:00', '0000-00-00 00:00:00'),
(123, 1, 'Region 4B', 'Romblon', 'Magdiwang', 'Magdiwang', 'Municipality', 3, 1, 5, 'DOH000000000004425', 0, 14077, 1049, NULL, '0000-00-00 00:00:00', '0000-00-00 00:00:00'),
(124, 1, 'Region 4B', 'Romblon', 'San Fernando R', 'San Fernando R', 'Municipality', 3, 1, 4, 'DOH000000000002087', 0, 24522, 1747, 5626, '0000-00-00 00:00:00', '0000-00-00 00:00:00'),
(125, 3, 'Region 5', 'Albay', 'Libon', 'Libon', 'Municipality', 3, 1, 1, 'DOH000000000004117', 0, 74808, 5550, NULL, '0000-00-00 00:00:00', '0000-00-00 00:00:00'),
(126, 3, 'Region 5', 'Camarines Sur', 'Minalabac', 'Minalabac', 'Municipality', 3, 2, 3, 'DOH000000000006738', 0, 47952, 3013, NULL, '0000-00-00 00:00:00', '0000-00-00 00:00:00'),
(127, 1, 'Region 5', 'Camarines Sur', 'San Fernando CS', 'San Fernando CS', 'Municipality', 3, 2, 4, 'DOH000000000002087', 0, 37399, 2235, NULL, '0000-00-00 00:00:00', '0000-00-00 00:00:00'),
(128, 1, 'Region 5', 'Camarines Sur', 'Tinambac', 'Tinambac 1', 'Municipality', 3, 2, 1, 'DOH000000000001425', 0, 48491, 6767, NULL, '0000-00-00 00:00:00', '0000-00-00 00:00:00'),
(129, 1, 'Region 5', 'Camarines Sur', 'Tinambac', 'Tinambac 2', 'Municipality', 3, 2, 1, 'DOH000000000013330', 0, 18397, 0, NULL, '0000-00-00 00:00:00', '0000-00-00 00:00:00'),
(130, 1, 'Region 5', 'Masbate', 'Cataingan', 'Cataingan', 'Municipality', 3, 2, 2, 'DOH000000000001942', 0, 50499, 4624, 16653, '0000-00-00 00:00:00', '0000-00-00 00:00:00'),
(131, 1, 'Region 5', 'Masbate', 'Mandaon', 'Mandaon', 'Municipality', 3, 2, 3, 'DOH000000000001846', 0, 41212, 3695, NULL, '0000-00-00 00:00:00', '0000-00-00 00:00:00'),
(132, 1, 'Region 5', 'Masbate', 'Masbate City', 'Masbate City Health Office', 'City', 1, 0, 4, NULL, NULL, NULL, NULL, NULL, '0000-00-00 00:00:00', '0000-00-00 00:00:00'),
(133, 1, 'Region 5', 'Masbate', 'Milagros', 'Milagros', 'Municipality', 3, 2, 2, 'DOH000000000003663', 0, 57211, 4876, NULL, '0000-00-00 00:00:00', '0000-00-00 00:00:00'),
(134, 1, 'Region 5', 'Sorsogon', 'Pilar', 'Pilar', 'Municipality', 3, 2, 1, 'DOH000000000003780', 0, 70484, 5637, 18959, '0000-00-00 00:00:00', '0000-00-00 00:00:00'),
(135, 3, 'Region 6', 'Capiz', 'Dao', 'Dao', 'Municipality', 3, 1, 4, 'DOH000000000004703', 0, 31911, 1989, NULL, '0000-00-00 00:00:00', '0000-00-00 00:00:00'),
(136, 3, 'Region 6', 'Negros Occidental', 'Don Salvador Benedicto', 'Don Salvador Benedicto', 'Municipality', 3, 1, 4, 'DOH000000000003047', 0, 23624, 3166, NULL, '0000-00-00 00:00:00', '0000-00-00 00:00:00'),
(137, 1, 'Region 8', 'Northern Samar', 'Gamay', 'Gamay', 'Municipality', 3, 2, 4, 'DOH000000000004627', 1, 23051, 2629, NULL, '0000-00-00 00:00:00', '0000-00-00 00:00:00'),
(138, 1, 'Region 8', 'Northern Samar', 'Lavezares', 'Lavezares', 'Municipality', 1, 0, 4, 'DOH000000000007860', 0, 27464, 2466, NULL, '0000-00-00 00:00:00', '0000-00-00 00:00:00'),
(139, 3, 'Region 8', 'Northern Samar', 'Capul', 'Capul', 'Municipality', 3, 2, 5, 'DOH000000000007862', 1, 13821, 1471, NULL, '0000-00-00 00:00:00', '0000-00-00 00:00:00'),
(140, 1, 'Region 8', 'Western Samar', 'Daram', 'Daram', 'Municipality', 3, 2, 3, 'DOH000000000007899', 0, 43200, 5073, NULL, '0000-00-00 00:00:00', '0000-00-00 00:00:00'),
(141, 3, 'Region 8', 'Western Samar', 'Gandara', 'Gandara', 'Municipality', 3, 2, 2, 'DOH000000000003276', 0, 34421, 3058, NULL, '0000-00-00 00:00:00', '0000-00-00 00:00:00'),
(142, 1, 'Region 8', 'Western Samar', 'Matuguinao', 'Matuguinao', 'Municipality', 3, 2, 5, 'DOH000000000007868', 1, 7751, 474, NULL, '0000-00-00 00:00:00', '0000-00-00 00:00:00'),
(143, 1, 'Region 8', 'Western Samar', 'Motiong', 'Motiong', 'Municipality', 3, 2, 4, 'DOH000000000007917', 0, 15599, 1360, NULL, '0000-00-00 00:00:00', '0000-00-00 00:00:00'),
(144, 1, 'Region 8', 'Western Samar', 'Pagsanghan', 'Pagsanghan', 'Municipality', 3, 2, 5, 'DOH000000000007867', 1, 8625, 618, NULL, '0000-00-00 00:00:00', '0000-00-00 00:00:00'),
(145, 3, 'Region 8', 'Western Samar', 'San Jose De Buan', 'San Jose De Buan', 'Municipality', 3, 2, 4, 'DOH000000000004028', 1, 7325, 1174, NULL, '0000-00-00 00:00:00', '0000-00-00 00:00:00'),
(146, 2, 'Region 8', 'Western Samar', 'San Sebastian', 'San Sebastian', 'Municipality', 3, 2, 6, 'DOH000000000007474', 1, 8366, 837, NULL, '0000-00-00 00:00:00', '2018-03-22 21:15:48'),
(147, 1, 'Region 8', 'Western Samar', 'Tagapul-an', 'Tagapul-an', 'Municipality', 3, 2, 5, 'DOH000000000007866', 1, 8125, 977, NULL, '0000-00-00 00:00:00', '0000-00-00 00:00:00'),
(148, 1, 'Region 8', 'Western Samar', 'Villareal', 'Villareal', 'Municipality', 1, 0, 4, 'DOH000000000003690', 0, 27896, 2521, NULL, '0000-00-00 00:00:00', '0000-00-00 00:00:00'),
(149, 1, 'Region 9', 'Zamboanga Del Norte', 'Gutalac', 'Gutalac', 'Municipality', 3, 2, 2, 'DOH000000000007178', 1, 34696, 5685, NULL, '0000-00-00 00:00:00', '0000-00-00 00:00:00'),
(150, 1, 'Region 9', 'Zamboanga Del Norte', 'Leon B. Postigo', 'Leon B. Postigo', 'Municipality', 3, 2, 4, 'DOH000000000005517', 0, 22140, 4361, NULL, '0000-00-00 00:00:00', '0000-00-00 00:00:00'),
(151, 1, 'Region 9', 'Zamboanga Del Norte', 'Liloy', 'Liloy', 'Municipality', 1, 0, 3, 'DOH000000000005679', 0, 42092, 4183, NULL, '0000-00-00 00:00:00', '0000-00-00 00:00:00'),
(152, 3, 'Region 9', 'Zamboanga Del Norte', 'Manukan', 'Manukan', 'Municipality', 1, 0, 3, 'DOH000000000002880', 0, 35685, 4655, NULL, '0000-00-00 00:00:00', '0000-00-00 00:00:00'),
(153, 1, 'Region 9', 'Zamboanga Del Norte', 'Sergio Osmena', 'Sergio Osmena', 'Municipality', 1, 0, 2, 'DOH000000000004919', 0, 29453, 4779, 12539, '0000-00-00 00:00:00', '0000-00-00 00:00:00'),
(154, 1, 'Region 9', 'Zamboanga Del Norte', 'Sindangan', 'Sindangan', 'Municipality', 1, 0, 1, 'DOH000000000000064', 0, 103523, 11257, 37841, '0000-00-00 00:00:00', '0000-00-00 00:00:00'),
(155, 1, 'Region 9', 'Zamboanga Del Sur', 'Bayog', 'Bayog', 'Municipality', 3, 2, 3, 'DOH000000000001915', 1, 31989, 3943, NULL, '0000-00-00 00:00:00', '0000-00-00 00:00:00'),
(156, 3, 'Region 9', 'Zamboanga Del Sur', 'Guipos', 'Guipos', 'Municipality', 1, 0, 4, 'DOH000000000000066', 0, 21801, 2250, NULL, '0000-00-00 00:00:00', '0000-00-00 00:00:00'),
(157, 1, 'Region 9', 'Zamboanga Del Sur', 'Lapuyan', 'Lapuyan', 'Municipality', 3, 2, 3, 'DOH000000000002558', 1, 26974, 3800, 10463, '0000-00-00 00:00:00', '0000-00-00 00:00:00'),
(158, 1, 'Region 9', 'Zamboanga Del Sur', 'Margosatubig', 'Margosatubig', 'Municipality', 3, 0, 3, 'DOH000000000005741', 0, 37000, 12742, NULL, '0000-00-00 00:00:00', '0000-00-00 00:00:00'),
(159, 1, 'Region 9', 'Zamboanga Del Sur', 'Pitogo', 'Pitogo', 'Municipality', 1, 0, 4, 'DOH000000000002347', 0, 29677, 4191, NULL, '0000-00-00 00:00:00', '2018-03-22 20:26:26'),
(160, 1, 'Region 9', 'Zamboanga Del Sur', 'San Miguel', 'San Miguel', 'Municipality', 1, 0, 4, 'DOH000000000004369', 0, 19295, 2480, 7068, '0000-00-00 00:00:00', '0000-00-00 00:00:00'),
(161, 1, 'Region 9', 'Zamboanga Del Sur', 'San Pablo', 'San Pablo', 'Municipality', 3, 2, 4, 'DOH000000000002957', 0, 28314, 3807, 8141, '0000-00-00 00:00:00', '0000-00-00 00:00:00'),
(162, 1, 'Region 9', 'Zamboanga Del Sur', 'Tambulig', 'Tambulig', 'Municipality', 1, 0, 4, 'DOH000000000000027', 0, 36564, 3910, NULL, '0000-00-00 00:00:00', '0000-00-00 00:00:00'),
(163, 3, 'Region 9', 'Zamboanga Del Sur', 'V. Sagun', 'V. Sagun', 'Municipality', 3, 2, 5, 'DOH000000000000065', 0, 20966, 2382, NULL, '0000-00-00 00:00:00', '0000-00-00 00:00:00'),
(164, 1, 'Region 9', 'Zamboanga Sibugay', 'Imelda', 'Imelda', 'Municipality', 1, 0, 4, 'DOH000000000007340', 0, 31760, 2207, NULL, '0000-00-00 00:00:00', '0000-00-00 00:00:00'),
(165, 1, 'Region 9', 'Zamboanga Sibugay', 'Ipil', 'Ipil', 'Municipality', 3, 1, 1, 'DOH000000000007320', 0, 72232, 6839, 19864, '0000-00-00 00:00:00', '0000-00-00 00:00:00'),
(166, 1, 'Region 9', 'Zamboanga Sibugay', 'Naga', 'Naga', 'Municipality', 3, 2, 3, 'DOH000000000007322', 0, 40654, 4222, NULL, '0000-00-00 00:00:00', '0000-00-00 00:00:00'),
(167, 1, 'Region 9', 'Zamboanga Sibugay', 'RT Lim', 'RT Lim', 'Municipality', 1, 0, 3, 'DOH000000000007328', 0, 37216, 5030, NULL, '0000-00-00 00:00:00', '0000-00-00 00:00:00'),
(168, 1, 'Region 9', 'Zamboanga Sibugay', 'Titay', 'Titay', 'Municipality', 1, 0, 2, 'DOH000000000007323', 0, 53530, 6315, NULL, '0000-00-00 00:00:00', '0000-00-00 00:00:00'),
(169, 3, 'Region 9', 'Zamboanga Sibugay', 'Tungawan', 'Tungawan', 'Municipality', 3, 1, 2, 'DOH000000000007316', 0, 45725, 6019, NULL, '0000-00-00 00:00:00', '0000-00-00 00:00:00'),
(170, 3, 'Region 10', 'Lanao Del Norte', 'Bacolod', 'Bacolod', 'Municipality', 3, 2, 4, 'DOH000000000007343', 0, 24532, 2850, NULL, '0000-00-00 00:00:00', '0000-00-00 00:00:00'),
(171, 3, 'Region 10', 'Lanao Del Norte', 'Kapatagan', 'Kapatagan', 'Municipality', 1, 0, 2, 'DOH000000000007351', 0, 58880, 7659, NULL, '0000-00-00 00:00:00', '0000-00-00 00:00:00'),
(172, 1, 'Region 13', 'Surigao Del Norte', 'Del Carmen', 'Del Carmen', 'Municipality', 3, 2, 5, 'DOH000000000005386', 1, 15420, 1936, 1975, '0000-00-00 00:00:00', '0000-00-00 00:00:00'),
(173, 3, 'Region 13', 'Surigao Del Sur', 'Cagwait', 'Cagwait', 'Municipality', 1, 0, 4, 'DOH000000000002110', 0, 18972, 1960, 5131, '0000-00-00 00:00:00', '0000-00-00 00:00:00'),
(174, 1, 'Region 13', 'Surigao Del Sur', 'Cortes', 'Cortes', 'Municipality', 1, 0, 4, 'DOH000000000007416', 0, 16341, 1773, NULL, '0000-00-00 00:00:00', '0000-00-00 00:00:00'),
(175, 1, 'Region 13', 'Surigao Del Sur', 'Hinatuan', 'Hinatuan', 'Municipality', 3, 1, 2, 'DOH000000000002320', 0, 40144, 5190, 12000, '0000-00-00 00:00:00', '0000-00-00 00:00:00'),
(176, 1, 'Region 13', 'Surigao Del Sur', 'Tandag City', 'Tandag City', 'City', 1, 0, 5, 'DOH000000000003605', 0, 52292, 4535, NULL, '0000-00-00 00:00:00', '0000-00-00 00:00:00'),
(177, 3, 'ARMM', 'Maguindanao', 'Datu Paglas', 'Datu Paglas', 'Municipality', 3, 1, 4, 'DOH000000000002842', 0, 25156, 5548, NULL, '0000-00-00 00:00:00', '0000-00-00 00:00:00'),
(178, 2, 'ARMM', 'Maguindanao', 'North Upi', 'North Upi', 'Municipality', 3, 1, 1, 'DOH000000000002236', 0, 48893, 6832, NULL, '0000-00-00 00:00:00', '2018-03-22 21:15:05'),
(179, 1, 'ARMM', 'Tawi-Tawi ', 'Panglima Sugala', 'Panglima Sugala', 'Municipality', 3, 1, 3, 'DOH000000000002674', 1, 50738, 4414, NULL, '0000-00-00 00:00:00', '0000-00-00 00:00:00'),
(180, 1, 'Region 1', 'Pangasinan', 'Manaoag', 'Manaoag', NULL, 1, NULL, NULL, NULL, 0, NULL, NULL, NULL, '2018-03-13 23:12:01', '2018-03-22 21:03:58'),
(183, 1, 'Region 1', 'Pangasinan', 'Bugallon RHU1', 'Bugallon RHU 1', NULL, 1, NULL, NULL, NULL, 0, NULL, NULL, NULL, '2018-03-13 23:13:51', '2018-03-22 21:14:12');

-- --------------------------------------------------------

--
-- Table structure for table `facility_status`
--

CREATE TABLE `facility_status` (
  `id` int(10) UNSIGNED NOT NULL,
  `name` varchar(191) COLLATE utf8mb4_unicode_ci NOT NULL,
  `created_at` timestamp NULL DEFAULT NULL,
  `updated_at` timestamp NULL DEFAULT NULL
) ENGINE=InnoDB DEFAULT CHARSET=utf8mb4 COLLATE=utf8mb4_unicode_ci;

--
-- Dumping data for table `facility_status`
--

INSERT INTO `facility_status` (`id`, `name`, `created_at`, `updated_at`) VALUES
(1, 'Active', '0000-00-00 00:00:00', '0000-00-00 00:00:00'),
(2, 'For Delisting', '0000-00-00 00:00:00', '0000-00-00 00:00:00'),
(3, 'Delisted', '0000-00-00 00:00:00', '0000-00-00 00:00:00');

-- --------------------------------------------------------

--
-- Table structure for table `facility_types`
--

CREATE TABLE `facility_types` (
  `id` int(10) UNSIGNED NOT NULL,
  `name` varchar(191) COLLATE utf8mb4_unicode_ci NOT NULL,
  `created_at` timestamp NULL DEFAULT NULL,
  `updated_at` timestamp NULL DEFAULT NULL
) ENGINE=InnoDB DEFAULT CHARSET=utf8mb4 COLLATE=utf8mb4_unicode_ci;

--
-- Dumping data for table `facility_types`
--

INSERT INTO `facility_types` (`id`, `name`, `created_at`, `updated_at`) VALUES
(1, 'LGU', '0000-00-00 00:00:00', '0000-00-00 00:00:00'),
(2, 'NVF', '0000-00-00 00:00:00', '0000-00-00 00:00:00'),
(3, 'ZFF', '0000-00-00 00:00:00', '2018-01-29 18:01:57'),
(4, 'AMV', '2018-04-29 17:39:10', '2018-04-29 17:39:10');

-- --------------------------------------------------------

--
-- Table structure for table `finances`
--

CREATE TABLE `finances` (
  `id` int(10) UNSIGNED NOT NULL,
  `facility_id` int(11) NOT NULL,
  `payment_level_1` double DEFAULT NULL,
  `payment_level_5` double DEFAULT NULL,
  `payment_level_2` double(8,2) DEFAULT NULL,
  `payment_level_3` double(8,2) DEFAULT NULL,
  `payment_level_4` double DEFAULT NULL,
  `adoption_fee` double(8,2) DEFAULT NULL,
  `honoraria` double(8,2) DEFAULT NULL,
  `smf_2013` double DEFAULT NULL,
  `smf_2014` double(8,2) DEFAULT NULL,
  `smf_2015` double(8,2) DEFAULT NULL,
  `smf_2016` double(8,2) DEFAULT NULL,
  `smf_2017` double(8,2) DEFAULT NULL,
  `smf_2018` double(8,2) DEFAULT NULL,
  `smf_2019` double(8,2) DEFAULT NULL,
  `created_at` timestamp NULL DEFAULT NULL,
  `updated_at` timestamp NULL DEFAULT NULL
) ENGINE=InnoDB DEFAULT CHARSET=utf8mb4 COLLATE=utf8mb4_unicode_ci;

--
-- Dumping data for table `finances`
--

INSERT INTO `finances` (`id`, `facility_id`, `payment_level_1`, `payment_level_5`, `payment_level_2`, `payment_level_3`, `payment_level_4`, `adoption_fee`, `honoraria`, `smf_2013`, `smf_2014`, `smf_2015`, `smf_2016`, `smf_2017`, `smf_2018`, `smf_2019`, `created_at`, `updated_at`) VALUES
(1, 1, 0, NULL, 0.00, 0.00, 0, 0.00, 0.00, 0, 0.00, 0.00, 0.00, 0.00, 0.00, NULL, '0000-00-00 00:00:00', '2018-03-20 17:42:05'),
(2, 2, 0, NULL, 0.00, 0.00, 0, 10000.00, 10000.00, 0, 0.00, 10000.00, 10000.00, 15000.00, -15000.00, NULL, '0000-00-00 00:00:00', '0000-00-00 00:00:00'),
(3, 3, 0, NULL, 0.00, 0.00, 0, 10000.00, 10000.00, 0, 0.00, 10000.00, 15000.00, 20000.00, -20000.00, NULL, '0000-00-00 00:00:00', '0000-00-00 00:00:00'),
(4, 4, 0, NULL, 0.00, 0.00, 0, 10000.00, 10000.00, 0, 0.00, 0.00, 0.00, 15000.00, 25000.00, NULL, '0000-00-00 00:00:00', '2018-03-13 22:40:34'),
(5, 5, 0, NULL, 0.00, 0.00, 0, 10000.00, 20000.00, 0, 0.00, 30000.00, 30000.00, 60000.00, -60000.00, NULL, '0000-00-00 00:00:00', '0000-00-00 00:00:00'),
(6, 6, 0, NULL, 0.00, 0.00, 0, 10000.00, 10000.00, 0, 0.00, 15000.00, 15000.00, -20000.00, -20000.00, NULL, '0000-00-00 00:00:00', '0000-00-00 00:00:00'),
(7, 7, 0, NULL, 0.00, 0.00, 0, 5000.00, 0.00, 0, 0.00, 10000.00, 15000.50, -20000.00, -20000.00, NULL, '0000-00-00 00:00:00', '0000-00-00 00:00:00'),
(8, 8, 0, NULL, 0.00, 0.00, 0, 10000.00, 20000.00, 0, 0.00, 10000.00, 10000.00, 15000.00, -15000.00, NULL, '0000-00-00 00:00:00', '0000-00-00 00:00:00'),
(9, 9, 0, NULL, 0.00, 0.00, 0, 10000.00, 10000.00, 0, 0.00, 0.00, 10000.00, 15000.00, -15000.00, NULL, '0000-00-00 00:00:00', '0000-00-00 00:00:00'),
(10, 10, 0, NULL, 0.00, 0.00, 0, 10000.00, 20000.00, 0, 0.00, 10000.00, 15000.00, -20000.00, -20000.00, NULL, '0000-00-00 00:00:00', '0000-00-00 00:00:00'),
(11, 11, 0, NULL, 0.00, 0.00, 0, 10000.00, 10000.00, 0, 0.00, 8500.00, 15000.00, 20000.00, -20000.00, NULL, '0000-00-00 00:00:00', '0000-00-00 00:00:00'),
(12, 12, 0, NULL, 0.00, 0.00, 0, 10000.00, 10000.00, 0, 0.00, 0.00, 0.00, 10000.00, -15000.00, NULL, '0000-00-00 00:00:00', '0000-00-00 00:00:00'),
(13, 13, 0, NULL, 0.00, 0.00, 0, 10000.00, 20000.00, 0, 0.00, 10000.00, 15000.00, 20000.00, -20000.00, NULL, '0000-00-00 00:00:00', '0000-00-00 00:00:00'),
(14, 14, 0, NULL, 0.00, 0.00, 0, 15000.00, 10000.00, 0, 0.00, 0.00, 0.00, 35000.00, -35000.00, NULL, '0000-00-00 00:00:00', '0000-00-00 00:00:00'),
(15, 15, 0, NULL, 0.00, 0.00, 0, 10000.00, 20000.00, 0, 0.00, 7900.00, 10000.00, 15000.00, -15000.00, NULL, '0000-00-00 00:00:00', '0000-00-00 00:00:00'),
(16, 16, 0, NULL, 0.00, 0.00, 0, 10000.00, 10000.00, 0, 0.00, 0.00, 15000.00, 25000.00, 25000.00, NULL, '0000-00-00 00:00:00', '2018-03-24 23:19:14'),
(17, 17, 0, NULL, 0.00, 0.00, 0, 10000.00, 10000.00, 0, 0.00, 0.00, 10000.00, 15000.00, -15000.00, NULL, '0000-00-00 00:00:00', '0000-00-00 00:00:00'),
(18, 18, 0, NULL, 0.00, 0.00, 0, -10000.00, 10000.00, 0, 0.00, 0.00, 0.00, -20000.00, -20000.00, NULL, '0000-00-00 00:00:00', '0000-00-00 00:00:00'),
(19, 19, 0, NULL, 0.00, 0.00, 0, 30000.00, 10000.00, 0, 0.00, 0.00, 0.00, 70000.00, 70000.00, NULL, '0000-00-00 00:00:00', '2018-03-12 19:22:35'),
(20, 20, 0, NULL, 0.00, 0.00, 0, 10000.00, 10000.00, 0, 0.00, 0.00, 10000.00, 15000.00, -15000.00, NULL, '0000-00-00 00:00:00', '0000-00-00 00:00:00'),
(21, 21, 0, NULL, 0.00, 0.00, 0, 5000.00, 0.00, 0, 0.00, 15000.00, 15000.00, 0.00, 0.00, NULL, '0000-00-00 00:00:00', '0000-00-00 00:00:00'),
(22, 22, 0, NULL, 0.00, 0.00, 0, 0.00, 0.00, 0, 0.00, 0.00, 0.00, -35000.00, -35000.00, NULL, '0000-00-00 00:00:00', '0000-00-00 00:00:00'),
(23, 23, 0, NULL, 0.00, 0.00, 0, 0.00, 0.00, 0, 0.00, 0.00, 0.00, -35000.00, -35000.00, NULL, '0000-00-00 00:00:00', '0000-00-00 00:00:00'),
(24, 24, 0, NULL, 0.00, 0.00, 0, 15000.00, 0.00, 0, 0.00, 0.00, 15000.00, 15000.00, -30000.00, NULL, '0000-00-00 00:00:00', '0000-00-00 00:00:00'),
(25, 25, 0, NULL, 0.00, 0.00, 0, 0.00, 0.00, 0, 0.00, 0.00, 0.00, 0.00, 0.00, NULL, '0000-00-00 00:00:00', '0000-00-00 00:00:00'),
(26, 26, 0, NULL, 0.00, 0.00, 0, 0.00, 0.00, 0, 0.00, 0.00, 10000.00, 10000.00, -20000.00, NULL, '0000-00-00 00:00:00', '0000-00-00 00:00:00'),
(27, 27, 0, NULL, 0.00, 0.00, 0, -15000.00, 0.00, 0, 0.00, 0.00, 0.00, 35000.00, -35000.00, NULL, '0000-00-00 00:00:00', '0000-00-00 00:00:00'),
(28, 28, NULL, NULL, NULL, NULL, 0, NULL, NULL, NULL, NULL, NULL, NULL, NULL, -105000.00, NULL, '0000-00-00 00:00:00', '0000-00-00 00:00:00'),
(29, 29, 0, NULL, 0.00, 0.00, 0, -15000.00, 10000.00, 0, 0.00, 0.00, 0.00, -30000.00, -30000.00, NULL, '0000-00-00 00:00:00', '0000-00-00 00:00:00'),
(30, 30, 0, NULL, 0.00, 0.00, 0, -15000.00, 0.00, 0, 0.00, 0.00, 0.00, -35000.00, -35000.00, NULL, '0000-00-00 00:00:00', '0000-00-00 00:00:00'),
(31, 31, 0, NULL, 0.00, 0.00, 0, -15000.00, 0.00, 0, 0.00, 0.00, 0.00, -40000.00, -40000.00, NULL, '0000-00-00 00:00:00', '0000-00-00 00:00:00'),
(32, 32, 0, NULL, 0.00, 0.00, 0, 0.00, 0.00, 0, 0.00, 0.00, 0.00, 0.00, 0.00, NULL, '0000-00-00 00:00:00', '0000-00-00 00:00:00'),
(33, 33, 0, NULL, 0.00, 0.00, 0, 0.00, 0.00, 0, 0.00, 0.00, 0.00, 35000.00, 35000.00, NULL, '0000-00-00 00:00:00', '0000-00-00 00:00:00'),
(34, 34, 0, NULL, 0.00, 0.00, 0, 0.00, 0.00, 0, 0.00, 0.00, 0.00, 0.00, 0.00, NULL, '0000-00-00 00:00:00', '0000-00-00 00:00:00'),
(35, 35, 0, NULL, 0.00, 0.00, 0, 0.00, 0.00, 0, 0.00, 0.00, 10000.00, 25000.00, -5000.00, NULL, '0000-00-00 00:00:00', '0000-00-00 00:00:00'),
(36, 36, 0, NULL, 0.00, 0.00, 0, 0.00, 0.00, 0, 0.00, 0.00, 0.00, 35000.00, -35000.00, NULL, '0000-00-00 00:00:00', '0000-00-00 00:00:00'),
(37, 37, NULL, NULL, NULL, NULL, 0, NULL, NULL, NULL, NULL, NULL, NULL, NULL, 0.00, NULL, '0000-00-00 00:00:00', '0000-00-00 00:00:00'),
(38, 38, 0, NULL, 0.00, 0.00, 0, 0.00, 0.00, 0, 0.00, 0.00, 0.00, 35000.00, -35000.00, NULL, '0000-00-00 00:00:00', '0000-00-00 00:00:00'),
(39, 39, 0, NULL, 0.00, 0.00, 0, 0.00, 0.00, 0, 0.00, 0.00, 0.00, -35000.00, -35000.00, NULL, '0000-00-00 00:00:00', '0000-00-00 00:00:00'),
(40, 40, 0, NULL, 0.00, 0.00, 0, 15000.00, 0.00, 0, 0.00, 0.00, 0.00, 30000.00, -30000.00, NULL, '0000-00-00 00:00:00', '0000-00-00 00:00:00'),
(41, 41, 0, NULL, 0.00, 0.00, 0, 15000.00, 0.00, 0, 0.00, 0.00, 0.00, 35000.00, 35000.00, NULL, '0000-00-00 00:00:00', '0000-00-00 00:00:00'),
(42, 42, 0, NULL, 0.00, 0.00, 0, 0.00, 0.00, 0, 0.00, 0.00, 0.00, -45000.00, -45000.00, NULL, '0000-00-00 00:00:00', '0000-00-00 00:00:00'),
(43, 43, 0, NULL, 0.00, 0.00, 0, 0.00, 0.00, 0, 0.00, 0.00, 0.00, -45000.00, -45000.00, NULL, '0000-00-00 00:00:00', '0000-00-00 00:00:00'),
(44, 44, 0, NULL, 0.00, 0.00, 0, 0.00, 0.00, 0, 0.00, 0.00, NULL, 50000.00, -50000.00, NULL, '0000-00-00 00:00:00', '0000-00-00 00:00:00'),
(45, 45, 0, NULL, 0.00, 0.00, 0, 0.00, 0.00, 0, 0.00, 0.00, 0.00, -35000.00, -35000.00, NULL, '0000-00-00 00:00:00', '0000-00-00 00:00:00'),
(46, 46, 0, NULL, 0.00, 0.00, 0, 0.00, 0.00, 0, 0.00, 0.00, 50000.00, 50000.00, -100000.00, NULL, '0000-00-00 00:00:00', '0000-00-00 00:00:00'),
(47, 47, 0, NULL, 0.00, 0.00, 0, 0.00, 0.00, 0, 0.00, 0.00, 0.00, 0.00, 0.00, NULL, '0000-00-00 00:00:00', '0000-00-00 00:00:00'),
(48, 48, 0, NULL, 0.00, 0.00, 0, -30000.00, 0.00, 0, 0.00, 0.00, -100000.00, -100000.00, -100000.00, NULL, '0000-00-00 00:00:00', '0000-00-00 00:00:00'),
(49, 49, 0, NULL, 0.00, 0.00, 0, 0.00, 0.00, 0, 0.00, 0.00, 0.00, 0.00, NULL, NULL, '0000-00-00 00:00:00', '0000-00-00 00:00:00'),
(50, 50, 0, NULL, 0.00, 0.00, 0, 0.00, 0.00, 0, 0.00, 0.00, 0.00, 0.00, NULL, NULL, '0000-00-00 00:00:00', '0000-00-00 00:00:00'),
(51, 51, 0, NULL, 0.00, 0.00, 0, 0.00, 0.00, 0, 0.00, 0.00, 0.00, 0.00, NULL, NULL, '0000-00-00 00:00:00', '0000-00-00 00:00:00'),
(52, 52, 0, NULL, 0.00, 0.00, 0, 0.00, 0.00, 0, 0.00, 0.00, 0.00, 0.00, NULL, NULL, '0000-00-00 00:00:00', '0000-00-00 00:00:00'),
(53, 53, 0, NULL, 0.00, 0.00, 0, 0.00, 0.00, 0, 0.00, 0.00, 0.00, 0.00, NULL, NULL, '0000-00-00 00:00:00', '0000-00-00 00:00:00'),
(54, 54, 0, NULL, 0.00, 0.00, 0, 0.00, 0.00, 0, 0.00, 0.00, 0.00, 0.00, NULL, NULL, '0000-00-00 00:00:00', '0000-00-00 00:00:00'),
(55, 55, 0, NULL, 0.00, 0.00, 0, 0.00, 0.00, 0, 0.00, 0.00, 0.00, 0.00, NULL, NULL, '0000-00-00 00:00:00', '0000-00-00 00:00:00'),
(56, 56, 0, NULL, 0.00, 0.00, 0, 0.00, 0.00, 0, 0.00, 0.00, 0.00, 0.00, NULL, NULL, '0000-00-00 00:00:00', '0000-00-00 00:00:00'),
(57, 57, 0, NULL, 0.00, 0.00, 0, 0.00, 0.00, 0, 0.00, 0.00, 0.00, 0.00, NULL, NULL, '0000-00-00 00:00:00', '0000-00-00 00:00:00'),
(58, 58, 0, NULL, 0.00, 0.00, 0, 0.00, 0.00, 0, 0.00, 0.00, 0.00, 0.00, NULL, NULL, '0000-00-00 00:00:00', '0000-00-00 00:00:00'),
(59, 59, 0, NULL, 0.00, 0.00, 0, 0.00, 0.00, 0, 0.00, 0.00, 0.00, 0.00, NULL, NULL, '0000-00-00 00:00:00', '0000-00-00 00:00:00'),
(60, 60, 0, NULL, 0.00, 0.00, 0, 0.00, 0.00, 0, 0.00, 0.00, 0.00, 0.00, NULL, NULL, '0000-00-00 00:00:00', '0000-00-00 00:00:00'),
(61, 61, NULL, NULL, NULL, NULL, 0, NULL, NULL, NULL, NULL, NULL, NULL, NULL, NULL, NULL, '0000-00-00 00:00:00', '0000-00-00 00:00:00'),
(62, 62, 0, NULL, 0.00, 0.00, 0, 0.00, 0.00, 0, 0.00, 0.00, 0.00, 0.00, NULL, NULL, '0000-00-00 00:00:00', '0000-00-00 00:00:00'),
(63, 63, 0, NULL, 0.00, 0.00, 0, 0.00, 0.00, 0, 0.00, 0.00, 0.00, 0.00, NULL, NULL, '0000-00-00 00:00:00', '0000-00-00 00:00:00'),
(64, 64, 27000, NULL, 27000.00, 0.00, 0, 4732.15, 0.00, 0, 0.00, 20000.00, 0.00, 0.00, 0.00, NULL, '0000-00-00 00:00:00', '0000-00-00 00:00:00'),
(65, 65, 0, NULL, 0.00, 0.00, 0, 14250.00, 10000.00, 0, 0.00, 0.00, 0.00, 30000.00, -30000.00, NULL, '0000-00-00 00:00:00', '0000-00-00 00:00:00'),
(66, 66, 0, NULL, 0.00, 0.00, 0, 15000.00, 10000.00, 0, 0.00, 0.00, 0.00, 30000.00, -30000.00, NULL, '0000-00-00 00:00:00', '0000-00-00 00:00:00'),
(67, 67, 0, NULL, 0.00, 0.00, 0, 15000.00, 10000.00, 0, 0.00, 0.00, 0.00, 35000.00, -35000.00, NULL, '0000-00-00 00:00:00', '0000-00-00 00:00:00'),
(68, 68, 0, NULL, 0.00, 0.00, 0, 15000.00, 10000.00, 0, 0.00, 0.00, 0.00, 40000.00, -40000.00, NULL, '0000-00-00 00:00:00', '0000-00-00 00:00:00'),
(69, 69, 0, NULL, 0.00, 0.00, 0, 0.00, 0.00, 0, 0.00, 0.00, 0.00, 0.00, 0.00, NULL, '0000-00-00 00:00:00', '0000-00-00 00:00:00'),
(70, 70, 0, NULL, 0.00, 0.00, 0, 0.00, 0.00, 0, 0.00, 0.00, 0.00, 0.00, 0.00, NULL, '0000-00-00 00:00:00', '0000-00-00 00:00:00'),
(71, 71, 0, NULL, 0.00, 0.00, 0, 15000.00, 10000.00, 0, 0.00, 0.00, 0.00, 35000.00, -35000.00, NULL, '0000-00-00 00:00:00', '0000-00-00 00:00:00'),
(72, 72, 0, NULL, 0.00, 0.00, 0, 0.00, 0.00, 0, 0.00, 0.00, 0.00, 0.00, 0.00, NULL, '0000-00-00 00:00:00', '0000-00-00 00:00:00'),
(73, 73, 0, NULL, 0.00, 0.00, 0, 0.00, 0.00, 5000, 5000.00, 5000.00, 10000.00, -15000.00, -15000.00, NULL, '0000-00-00 00:00:00', '0000-00-00 00:00:00'),
(74, 74, 0, NULL, 0.00, 0.00, 0, 0.00, 0.00, 5000, 5000.00, 5000.00, 10000.00, 30000.00, -30000.00, NULL, '0000-00-00 00:00:00', '0000-00-00 00:00:00'),
(75, 75, 0, NULL, 0.00, 0.00, 0, 0.00, 0.00, 5000, 5000.00, 5000.00, 10000.00, 0.00, 0.00, NULL, '0000-00-00 00:00:00', '0000-00-00 00:00:00'),
(76, 76, 0, NULL, 0.00, 0.00, 0, 0.00, 0.00, 5000, 5000.00, 5000.00, 15000.00, -35000.00, -35000.00, NULL, '0000-00-00 00:00:00', '0000-00-00 00:00:00'),
(77, 77, 0, NULL, 0.00, 0.00, 0, 0.00, 0.00, 5000, 5000.00, 5000.00, 5000.00, 0.00, 0.00, NULL, '0000-00-00 00:00:00', '0000-00-00 00:00:00'),
(78, 78, 0, NULL, 0.00, 0.00, 0, 0.00, 0.00, 5000, 5000.00, 5000.00, 0.00, 0.00, 0.00, NULL, '0000-00-00 00:00:00', '0000-00-00 00:00:00'),
(79, 79, 0, NULL, 0.00, 0.00, 0, 0.00, 0.00, 5000, 5000.00, 5000.00, 50000.00, 100000.00, -100000.00, NULL, '0000-00-00 00:00:00', '0000-00-00 00:00:00'),
(80, 80, 0, NULL, 0.00, 0.00, 0, 0.00, 0.00, 5000, 5000.00, 5000.00, 0.00, 0.00, NULL, NULL, '0000-00-00 00:00:00', '0000-00-00 00:00:00'),
(81, 81, 0, NULL, 0.00, 0.00, 0, 0.00, 0.00, 5000, 5000.00, 5000.00, 0.00, 0.00, NULL, NULL, '0000-00-00 00:00:00', '0000-00-00 00:00:00'),
(82, 82, 0, NULL, 0.00, 0.00, 0, 0.00, 0.00, 5000, 5000.00, 5000.00, 0.00, 0.00, NULL, NULL, '0000-00-00 00:00:00', '0000-00-00 00:00:00'),
(83, 83, 0, NULL, 0.00, 0.00, 0, 0.00, 0.00, 5000, 5000.00, 5000.00, 0.00, 0.00, NULL, NULL, '0000-00-00 00:00:00', '0000-00-00 00:00:00'),
(84, 84, 0, NULL, 0.00, 0.00, 0, 0.00, 0.00, 5000, 5000.00, 5000.00, 0.00, 0.00, NULL, NULL, '0000-00-00 00:00:00', '0000-00-00 00:00:00'),
(85, 85, 0, NULL, 0.00, 0.00, 0, 0.00, 0.00, 5000, 5000.00, 5000.00, 0.00, 0.00, NULL, NULL, '0000-00-00 00:00:00', '0000-00-00 00:00:00'),
(86, 86, 0, NULL, 0.00, 0.00, 0, 0.00, 0.00, 5000, 5000.00, 5000.00, 0.00, 0.00, NULL, NULL, '0000-00-00 00:00:00', '0000-00-00 00:00:00'),
(87, 87, 0, NULL, 0.00, 0.00, 0, 0.00, 0.00, 5000, 5000.00, 5000.00, 0.00, 0.00, NULL, NULL, '0000-00-00 00:00:00', '0000-00-00 00:00:00'),
(88, 88, 0, NULL, 0.00, 0.00, 0, 0.00, 0.00, 5000, 5000.00, 5000.00, 0.00, 0.00, NULL, NULL, '0000-00-00 00:00:00', '0000-00-00 00:00:00'),
(89, 89, 0, NULL, 0.00, 0.00, 0, 0.00, 0.00, 5000, 5000.00, 5000.00, 20000.00, 35000.00, -35000.00, NULL, '0000-00-00 00:00:00', '0000-00-00 00:00:00'),
(90, 90, 0, NULL, 0.00, 0.00, 0, 0.00, 0.00, 5000, 5000.00, 5000.00, 0.00, 0.00, 0.00, NULL, '0000-00-00 00:00:00', '0000-00-00 00:00:00'),
(91, 91, 0, NULL, 0.00, 0.00, 0, 0.00, 0.00, 5000, 5000.00, 5000.00, 0.00, 0.00, 0.00, NULL, '0000-00-00 00:00:00', '0000-00-00 00:00:00'),
(92, 92, 0, NULL, 0.00, 0.00, 0, 0.00, 0.00, 5000, 5000.00, 5000.00, 20000.00, 35000.00, -35000.00, NULL, '0000-00-00 00:00:00', '0000-00-00 00:00:00'),
(93, 93, 0, NULL, 0.00, 0.00, 0, 0.00, 0.00, 5000, 5000.00, 5000.00, 0.00, 0.00, NULL, NULL, '0000-00-00 00:00:00', '0000-00-00 00:00:00'),
(94, 94, 0, NULL, 0.00, 0.00, 0, 0.00, 0.00, 5000, 5000.00, 5000.00, 0.00, 0.00, NULL, NULL, '0000-00-00 00:00:00', '0000-00-00 00:00:00'),
(95, 95, 0, NULL, 0.00, 0.00, 0, 0.00, 0.00, 5000, 5000.00, 5000.00, 20000.00, 30000.00, 30000.00, NULL, '0000-00-00 00:00:00', '2018-03-26 18:23:05'),
(96, 96, 0, NULL, 0.00, 0.00, 0, 0.00, 0.00, 5000, 5000.00, 5000.00, 0.00, NULL, NULL, NULL, '0000-00-00 00:00:00', '0000-00-00 00:00:00'),
(97, 97, 0, NULL, 0.00, 0.00, 0, 0.00, 0.00, 5000, 5000.00, 5000.00, -15000.00, -25000.00, -250000.00, NULL, '0000-00-00 00:00:00', '0000-00-00 00:00:00'),
(98, 98, 0, NULL, 0.00, 0.00, 0, 0.00, 0.00, -5000, -5000.00, 0.00, 0.00, 0.00, 0.00, NULL, '0000-00-00 00:00:00', '0000-00-00 00:00:00'),
(99, 99, 0, NULL, 0.00, 0.00, 0, 0.00, 0.00, -5000, -5000.00, -20000.00, -20000.00, 35000.00, -35000.00, NULL, '0000-00-00 00:00:00', '0000-00-00 00:00:00'),
(100, 100, 0, NULL, 0.00, 0.00, 0, 0.00, 0.00, 5000, 5000.00, 5000.00, 20000.00, 35000.00, -35000.00, NULL, '0000-00-00 00:00:00', '0000-00-00 00:00:00'),
(101, 101, 0, NULL, 0.00, 0.00, 0, 0.00, 0.00, 5000, 5000.00, 5000.00, 0.00, 0.00, NULL, NULL, '0000-00-00 00:00:00', '0000-00-00 00:00:00'),
(102, 102, 0, NULL, 0.00, 0.00, 0, 0.00, 0.00, 5000, 5000.00, 5000.00, 15000.00, 20000.00, -20000.00, NULL, '0000-00-00 00:00:00', '0000-00-00 00:00:00'),
(103, 103, 0, NULL, 0.00, 0.00, 0, 0.00, 0.00, 5000, 5000.00, 5000.00, 10000.00, 15000.00, 15000.00, NULL, '0000-00-00 00:00:00', '2018-03-19 18:00:15'),
(104, 104, 0, NULL, 0.00, 0.00, 0, 0.00, 0.00, 5000, 5000.00, 5000.00, 10000.00, 15000.00, -15000.00, NULL, '0000-00-00 00:00:00', '0000-00-00 00:00:00'),
(105, 105, 0, NULL, 0.00, 0.00, 0, 0.00, 0.00, 5000, 5000.00, 10000.00, -10000.00, -25000.00, -25000.00, NULL, '0000-00-00 00:00:00', '0000-00-00 00:00:00'),
(106, 106, 0, NULL, 0.00, 0.00, 0, 0.00, 0.00, 5000, 5000.00, 5000.00, 15000.00, 20000.00, -20000.00, NULL, '0000-00-00 00:00:00', '0000-00-00 00:00:00'),
(107, 107, 0, NULL, 0.00, 0.00, 0, 0.00, 0.00, 5000, 5000.00, 5000.00, 18392.85, -30000.00, -30000.00, NULL, '0000-00-00 00:00:00', '0000-00-00 00:00:00'),
(108, 108, 0, NULL, 0.00, 0.00, 0, 0.00, 0.00, 5000, 5000.00, 5000.00, 20000.00, 30000.00, -30000.00, NULL, '0000-00-00 00:00:00', '0000-00-00 00:00:00'),
(109, 109, 0, NULL, 0.00, 0.00, 0, 0.00, 0.00, 5000, 5000.00, 5000.00, 0.00, 0.00, 0.00, NULL, '0000-00-00 00:00:00', '0000-00-00 00:00:00'),
(110, 110, NULL, NULL, NULL, NULL, 0, NULL, NULL, NULL, NULL, NULL, NULL, NULL, -50000.00, NULL, '0000-00-00 00:00:00', '0000-00-00 00:00:00'),
(111, 111, 0, NULL, 0.00, 0.00, 0, 10000.00, 10000.00, 0, 0.00, 0.00, 15000.00, 15000.00, 15000.00, NULL, '0000-00-00 00:00:00', '0000-00-00 00:00:00'),
(112, 112, 0, NULL, 0.00, 0.00, 0, 10000.00, 10000.00, 0, 0.00, 0.00, 5000.00, 25000.00, -25000.00, NULL, '0000-00-00 00:00:00', '0000-00-00 00:00:00'),
(113, 113, NULL, NULL, NULL, NULL, 0, NULL, NULL, NULL, NULL, NULL, NULL, NULL, NULL, NULL, '0000-00-00 00:00:00', '0000-00-00 00:00:00'),
(114, 114, 0, NULL, 0.00, 0.00, 0, 15000.00, 10000.00, 0, 0.00, 0.00, 0.00, 40000.00, -40000.00, NULL, '0000-00-00 00:00:00', '0000-00-00 00:00:00'),
(115, 115, 0, NULL, 0.00, 0.00, 0, 14250.00, 10000.00, 0, 0.00, 0.00, 0.00, 25000.00, -25000.00, NULL, '0000-00-00 00:00:00', '0000-00-00 00:00:00'),
(116, 116, 0, NULL, 0.00, 0.00, 0, 14250.00, 10000.00, 0, 0.00, 0.00, 0.00, -40000.00, -40000.00, NULL, '0000-00-00 00:00:00', '0000-00-00 00:00:00'),
(117, 117, 0, NULL, 0.00, 0.00, 0, 14250.00, 10000.00, 0, 0.00, 0.00, 0.00, 400000.00, -40000.00, NULL, '0000-00-00 00:00:00', '0000-00-00 00:00:00'),
(118, 118, 18000, NULL, 18000.00, 18000.00, 0, 0.00, 0.00, 0, 0.00, 0.00, -35000.00, -35000.00, -35000.00, NULL, '0000-00-00 00:00:00', '0000-00-00 00:00:00'),
(119, 119, 18000, NULL, 18000.00, 18000.00, 0, 0.00, 0.00, 0, 0.00, 0.00, 35000.00, 35000.00, -35000.00, NULL, '0000-00-00 00:00:00', '0000-00-00 00:00:00'),
(120, 120, 18000, NULL, 0.00, 0.00, 0, 15000.00, 0.00, 0, 0.00, 0.00, NULL, 100000.00, -100000.00, NULL, '0000-00-00 00:00:00', '0000-00-00 00:00:00'),
(121, 121, 18000, NULL, 0.00, 0.00, 0, 0.00, 0.00, 0, 0.00, 0.00, -35000.00, -35000.00, -35000.00, NULL, '0000-00-00 00:00:00', '0000-00-00 00:00:00'),
(122, 122, 0, NULL, 0.00, 0.00, 0, 0.00, 0.00, 0, 0.00, 0.00, 15000.00, -20000.00, -20000.00, NULL, '0000-00-00 00:00:00', '0000-00-00 00:00:00'),
(123, 123, 0, NULL, 0.00, 0.00, 0, 5000.00, 0.00, 0, 10000.00, 10000.00, -10000.00, -15000.00, -15000.00, NULL, '0000-00-00 00:00:00', '0000-00-00 00:00:00'),
(124, 124, 0, NULL, 0.00, 0.00, 0, 5000.00, 0.00, 0, 10000.00, 15000.00, 15000.00, 20000.00, -20000.00, NULL, '0000-00-00 00:00:00', '0000-00-00 00:00:00'),
(125, 125, 0, NULL, 0.00, 0.00, 0, 5000.00, 0.00, 0, 0.00, 20000.00, -20000.00, 0.00, 0.00, NULL, '0000-00-00 00:00:00', '0000-00-00 00:00:00'),
(126, 126, 27000, NULL, 27000.00, 0.00, 0, 5000.00, 0.00, 0, 0.00, 20000.00, -10000.00, 0.00, 0.00, NULL, '0000-00-00 00:00:00', '0000-00-00 00:00:00'),
(127, 127, 27000, NULL, 27000.00, 27000.00, 0, 5000.00, 0.00, 0, 0.00, 10000.00, 15000.00, 20000.00, -20000.00, NULL, '0000-00-00 00:00:00', '0000-00-00 00:00:00'),
(128, 128, 27000, NULL, 27000.00, 0.00, 0, 5000.00, 0.00, 0, 0.00, 20000.00, 20000.00, -35000.00, -35000.00, NULL, '0000-00-00 00:00:00', '0000-00-00 00:00:00'),
(129, 129, 0, NULL, 0.00, 0.00, 0, 0.00, 0.00, 0, 0.00, 0.00, 0.00, 0.00, 0.00, NULL, '0000-00-00 00:00:00', '0000-00-00 00:00:00'),
(130, 130, 27000, NULL, 27000.00, 0.00, 0, 5000.00, 0.00, 0, 0.00, 20000.00, 20000.00, 30000.00, -30000.00, NULL, '0000-00-00 00:00:00', '0000-00-00 00:00:00'),
(131, 131, 27000, NULL, 27000.00, 0.00, 0, 5000.00, 0.00, 0, 0.00, -15000.00, -15000.00, -25000.00, -25000.00, NULL, '0000-00-00 00:00:00', '0000-00-00 00:00:00'),
(132, 132, 0, NULL, 0.00, 0.00, 0, 30000.00, 0.00, 0, 0.00, 0.00, 0.00, 90000.00, NULL, NULL, '0000-00-00 00:00:00', '2018-04-11 17:20:10'),
(133, 133, 27000, NULL, 27000.00, 0.00, 0, 5000.00, 0.00, 0, 0.00, 0.00, 19000.00, 30000.00, -30000.00, NULL, '0000-00-00 00:00:00', '0000-00-00 00:00:00'),
(134, 134, 27000, NULL, 27000.00, 0.00, 0, 5000.00, 0.00, 0, 0.00, 20000.00, 20000.00, 35000.00, -35000.00, NULL, '0000-00-00 00:00:00', '0000-00-00 00:00:00'),
(135, 135, 0, NULL, 0.00, 0.00, 0, 5000.00, 0.00, 0, 10000.00, -15000.00, -15000.00, 0.00, 0.00, NULL, '0000-00-00 00:00:00', '0000-00-00 00:00:00'),
(136, 136, 0, NULL, 0.00, 0.00, 0, 5000.00, 0.00, 0, 10000.00, 10000.00, 15000.00, 0.00, 0.00, NULL, '0000-00-00 00:00:00', '0000-00-00 00:00:00'),
(137, 137, 27000, NULL, 27000.00, 0.00, 0, 5000.00, 0.00, 0, 0.00, 15000.00, 15000.00, 20000.00, -20000.00, NULL, '0000-00-00 00:00:00', '0000-00-00 00:00:00'),
(138, 138, 0, NULL, 0.00, 0.00, 0, 10000.00, 10000.00, 0, 0.00, 10000.00, 10000.00, 20000.00, -20000.00, NULL, '0000-00-00 00:00:00', '0000-00-00 00:00:00'),
(139, 139, 27000, NULL, 0.00, 0.00, 0, 5000.00, 0.00, 0, 0.00, 0.00, -10000.00, 0.00, 0.00, NULL, '0000-00-00 00:00:00', '0000-00-00 00:00:00'),
(140, 140, 27000, NULL, 27000.00, 0.00, 0, 5000.00, 0.00, 0, 0.00, 15000.00, 15000.00, 25000.00, 25000.00, NULL, '0000-00-00 00:00:00', '0000-00-00 00:00:00'),
(141, 141, 27000, NULL, 0.00, 0.00, 0, 5000.00, 0.00, 0, 0.00, 0.00, -20000.00, 0.00, 0.00, NULL, '0000-00-00 00:00:00', '0000-00-00 00:00:00'),
(142, 142, 27000, NULL, 27000.00, 0.00, 0, 5000.00, 0.00, 0, 0.00, 10000.00, 10000.00, 15000.00, -15000.00, NULL, '0000-00-00 00:00:00', '0000-00-00 00:00:00'),
(143, 143, 27000, NULL, 27000.00, 0.00, 0, 5000.00, 0.00, 0, 0.00, 0.00, 20000.00, -20000.00, -20000.00, NULL, '0000-00-00 00:00:00', '0000-00-00 00:00:00'),
(144, 144, 27000, NULL, 27000.00, 0.00, 0, 5001.75, 0.00, 0, 0.00, 0.00, 9500.00, 15000.00, -15000.00, NULL, '0000-00-00 00:00:00', '0000-00-00 00:00:00'),
(145, 145, 27000, NULL, 0.00, 0.00, 0, 5000.00, 0.00, 0, 0.00, 0.00, 15000.00, 0.00, 0.00, NULL, '0000-00-00 00:00:00', '0000-00-00 00:00:00'),
(146, 146, 27000, NULL, 27000.00, 0.00, 0, 5000.00, 10000.00, 0, 0.00, 10000.00, 10000.00, -10000.00, -10000.00, NULL, '0000-00-00 00:00:00', '0000-00-00 00:00:00'),
(147, 147, 27000, NULL, 0.00, 0.00, 0, 5000.00, 0.00, 0, 0.00, 0.00, 9250.00, -15000.00, -15000.00, NULL, '0000-00-00 00:00:00', '0000-00-00 00:00:00'),
(148, 148, 0, NULL, 0.00, 0.00, 0, 10000.00, 10000.00, 0, 0.00, 0.00, 20000.00, -20000.00, -20000.00, NULL, '0000-00-00 00:00:00', '0000-00-00 00:00:00'),
(149, 149, 27000, NULL, 27000.00, 0.00, 0, 5000.00, 0.00, 0, 0.00, 0.00, 20000.00, 30000.00, -30000.00, NULL, '0000-00-00 00:00:00', '0000-00-00 00:00:00'),
(150, 150, 27000, NULL, 27000.00, 0.00, 0, 5000.00, 0.00, 0, 0.00, 15000.00, 15000.00, 20000.00, -20000.00, NULL, '0000-00-00 00:00:00', '0000-00-00 00:00:00'),
(151, 151, 0, NULL, 0.00, 0.00, 0, 5000.00, 22000.00, 0, 0.00, 10000.00, 15000.00, 25000.00, -25000.00, NULL, '0000-00-00 00:00:00', '0000-00-00 00:00:00'),
(152, 152, 0, NULL, 0.00, 0.00, 0, 5000.00, 0.00, 0, 0.00, 10000.00, -15000.00, 0.00, 0.00, NULL, '0000-00-00 00:00:00', '0000-00-00 00:00:00'),
(153, 153, 0, NULL, 0.00, 0.00, 0, 5000.00, 10000.00, 0, 0.00, 10000.00, 20000.00, 30000.00, -30000.00, NULL, '0000-00-00 00:00:00', '0000-00-00 00:00:00'),
(154, 154, 0, NULL, 0.00, 0.00, 0, 5000.00, 0.00, 0, 0.00, 10000.00, 20000.00, 35000.00, -35000.00, NULL, '0000-00-00 00:00:00', '0000-00-00 00:00:00'),
(155, 155, 27000, NULL, 0.00, 0.00, 0, 5000.00, 0.00, 0, 0.00, 0.00, 15000.00, 25000.00, 25000.00, NULL, '0000-00-00 00:00:00', '2018-03-24 23:20:41'),
(156, 156, 0, NULL, 0.00, 0.00, 0, 5000.00, 0.00, 0, 0.00, 10000.00, -15000.00, 0.00, 0.00, NULL, '0000-00-00 00:00:00', '0000-00-00 00:00:00'),
(157, 157, 27000, NULL, 27000.00, 27000.00, 0, 5000.00, 0.00, 0, 0.00, 15000.00, 15000.00, 25000.00, 25000.00, NULL, '0000-00-00 00:00:00', '2018-03-13 22:42:10'),
(158, 158, 0, NULL, 0.00, 0.00, 0, 10000.00, 0.00, 0, 0.00, 0.00, 0.00, 25000.00, -25000.00, NULL, '0000-00-00 00:00:00', '0000-00-00 00:00:00'),
(159, 159, 0, NULL, 0.00, 0.00, 0, 5000.00, 10000.00, 0, 0.00, 10000.00, -10000.00, 0.00, -15000.00, NULL, '0000-00-00 00:00:00', '0000-00-00 00:00:00'),
(160, 160, 0, NULL, 0.00, 0.00, 0, 5000.00, 0.00, 0, 0.00, 10000.00, 15000.00, 20000.00, 20000.00, NULL, '0000-00-00 00:00:00', '2018-03-13 22:49:22'),
(161, 161, 27000, NULL, 27000.00, 0.00, 0, 5000.00, 0.00, 0, 0.00, 15000.00, 15000.00, 20000.00, -20000.00, NULL, '0000-00-00 00:00:00', '0000-00-00 00:00:00'),
(162, 162, 0, NULL, 0.00, 0.00, 0, 5000.00, 0.00, 0, 0.00, 15000.00, 15000.00, 20000.00, -20000.00, NULL, '0000-00-00 00:00:00', '0000-00-00 00:00:00'),
(163, 163, 27000, NULL, 27000.00, 0.00, 0, 5000.00, 0.00, 0, 0.00, 10000.00, 10000.00, 0.00, 0.00, NULL, '0000-00-00 00:00:00', '0000-00-00 00:00:00'),
(164, 164, 0, NULL, 0.00, 0.00, 0, 5000.00, 0.00, 0, 0.00, 10000.00, 15000.00, -20000.00, -20000.00, NULL, '0000-00-00 00:00:00', '0000-00-00 00:00:00'),
(165, 165, 0, NULL, 0.00, 0.00, 0, 10000.00, 0.00, 0, 0.00, 0.00, 50000.00, 50000.00, -50000.00, NULL, '0000-00-00 00:00:00', '0000-00-00 00:00:00'),
(166, 166, 27000, NULL, 27000.00, 0.00, 0, 5000.00, 0.00, 0, 0.00, 15000.00, 15000.00, 25000.00, 25000.00, NULL, '0000-00-00 00:00:00', '0000-00-00 00:00:00'),
(167, 167, 0, NULL, 0.00, 0.00, 0, 5000.00, 10000.00, 0, 0.00, 10000.00, 15000.00, -25000.00, -25000.00, NULL, '0000-00-00 00:00:00', '0000-00-00 00:00:00'),
(168, 168, 0, NULL, 0.00, 0.00, 0, 5000.00, 0.00, 0, 0.00, 10000.00, 0.00, -30000.00, -30000.00, NULL, '0000-00-00 00:00:00', '0000-00-00 00:00:00'),
(169, 169, 0, NULL, 0.00, 0.00, 0, 5000.00, 0.00, 0, 0.00, -20000.00, -20000.00, 0.00, 0.00, NULL, '0000-00-00 00:00:00', '0000-00-00 00:00:00'),
(170, 170, 27000, NULL, 27000.00, 0.00, 0, 5000.00, 0.00, 0, 0.00, 0.00, 15000.00, 15000.00, 0.00, NULL, '0000-00-00 00:00:00', '0000-00-00 00:00:00'),
(171, 171, 0, NULL, 0.00, 0.00, 0, 10000.00, 0.00, 0, 0.00, 10000.00, 10000.00, 0.00, 0.00, NULL, '0000-00-00 00:00:00', '0000-00-00 00:00:00'),
(172, 172, 27000, NULL, 27000.00, 27000.00, 0, 5000.00, 0.00, 0, 0.00, 10000.00, 10000.00, -15000.00, -15000.00, NULL, '0000-00-00 00:00:00', '0000-00-00 00:00:00'),
(173, 173, 0, NULL, 0.00, 0.00, 0, -5000.00, 0.00, 0, 0.00, -15000.00, -15000.00, -20000.00, 0.00, NULL, '0000-00-00 00:00:00', '0000-00-00 00:00:00'),
(174, 174, 0, NULL, 0.00, 0.00, 0, 5000.00, 0.00, 0, 0.00, 15000.00, 15000.00, -20000.00, -20000.00, NULL, '0000-00-00 00:00:00', '0000-00-00 00:00:00'),
(175, 175, 0, NULL, 0.00, 0.00, 0, 4776.79, 0.00, 0, 0.00, 9464.30, 18928.58, -30000.00, -30000.00, NULL, '0000-00-00 00:00:00', '0000-00-00 00:00:00'),
(176, 176, 0, NULL, 0.00, 0.00, 0, 0.00, 0.00, 0, 0.00, 0.00, 0.00, -105000.00, -105000.00, NULL, '0000-00-00 00:00:00', '0000-00-00 00:00:00'),
(177, 177, 0, NULL, 0.00, 0.00, 0, -5000.00, 0.00, 0, -15000.00, -15000.00, -15000.00, 0.00, 0.00, NULL, '0000-00-00 00:00:00', '0000-00-00 00:00:00'),
(178, 178, 0, NULL, 0.00, 0.00, 0, 5000.00, 0.00, 0, 20000.00, 20000.00, -20000.00, -35000.00, -35000.00, NULL, '0000-00-00 00:00:00', '0000-00-00 00:00:00'),
(179, 179, 0, NULL, 0.00, 0.00, 0, 5000.00, 0.00, 0, 0.00, 15000.00, 15000.00, -25000.00, -25000.00, NULL, '0000-00-00 00:00:00', '0000-00-00 00:00:00'),
(180, 180, NULL, NULL, NULL, NULL, NULL, NULL, NULL, NULL, NULL, NULL, NULL, NULL, NULL, NULL, '2018-03-13 23:12:01', '2018-03-13 23:12:01'),
(183, 183, NULL, NULL, NULL, NULL, NULL, NULL, NULL, NULL, NULL, NULL, NULL, NULL, NULL, NULL, '2018-03-13 23:13:51', '2018-03-13 23:13:51');

-- --------------------------------------------------------

--
-- Table structure for table `invoices`
--

CREATE TABLE `invoices` (
  `id` int(10) UNSIGNED NOT NULL,
  `facility_id` int(11) NOT NULL,
  `1st` date DEFAULT NULL,
  `2nd` date DEFAULT NULL,
  `3rd` date DEFAULT NULL,
  `4th` date DEFAULT NULL,
  `5th` date DEFAULT NULL,
  `status_1st` tinyint(1) DEFAULT NULL,
  `status_2nd` tinyint(1) DEFAULT NULL,
  `status_3rd` tinyint(1) DEFAULT NULL,
  `status_4th` tinyint(1) DEFAULT NULL,
  `status_5th` tinyint(1) DEFAULT NULL,
  `receiver` varchar(191) COLLATE utf8mb4_unicode_ci DEFAULT NULL,
  `remarks` varchar(191) COLLATE utf8mb4_unicode_ci DEFAULT NULL,
  `created_at` timestamp NULL DEFAULT NULL,
  `updated_at` timestamp NULL DEFAULT NULL
) ENGINE=InnoDB DEFAULT CHARSET=utf8mb4 COLLATE=utf8mb4_unicode_ci;

--
-- Dumping data for table `invoices`
--

INSERT INTO `invoices` (`id`, `facility_id`, `1st`, `2nd`, `3rd`, `4th`, `5th`, `status_1st`, `status_2nd`, `status_3rd`, `status_4th`, `status_5th`, `receiver`, `remarks`, `created_at`, `updated_at`) VALUES
(1, 1, NULL, NULL, NULL, NULL, NULL, NULL, NULL, NULL, NULL, NULL, NULL, NULL, '0000-00-00 00:00:00', '0000-00-00 00:00:00'),
(2, 2, '2018-03-04', NULL, NULL, NULL, NULL, 0, NULL, NULL, NULL, NULL, NULL, NULL, '0000-00-00 00:00:00', '2018-03-04 00:18:53'),
(3, 3, '2018-03-04', NULL, NULL, NULL, NULL, 0, NULL, NULL, NULL, NULL, NULL, NULL, '0000-00-00 00:00:00', '2018-03-13 23:19:24'),
(4, 4, '2018-02-07', NULL, NULL, NULL, NULL, 1, NULL, NULL, NULL, NULL, NULL, NULL, '0000-00-00 00:00:00', '2018-03-25 20:15:25'),
(5, 5, '2018-03-04', NULL, NULL, NULL, NULL, 0, NULL, NULL, NULL, NULL, NULL, NULL, '0000-00-00 00:00:00', '2018-03-13 23:21:26'),
(6, 6, '2018-03-04', NULL, NULL, NULL, NULL, 0, NULL, NULL, NULL, NULL, NULL, NULL, '0000-00-00 00:00:00', '2018-03-13 23:23:35'),
(7, 7, '2018-03-04', NULL, NULL, NULL, NULL, 0, NULL, NULL, NULL, NULL, NULL, NULL, '0000-00-00 00:00:00', '2018-03-13 23:51:36'),
(8, 8, '2018-03-04', NULL, NULL, NULL, NULL, 0, NULL, NULL, NULL, NULL, NULL, NULL, '0000-00-00 00:00:00', '2018-03-14 00:24:02'),
(9, 9, '2018-03-04', NULL, NULL, NULL, NULL, 0, NULL, NULL, NULL, NULL, NULL, NULL, '0000-00-00 00:00:00', '2018-03-14 00:30:05'),
(10, 10, '2018-03-04', NULL, NULL, NULL, NULL, 0, NULL, NULL, NULL, NULL, NULL, NULL, '0000-00-00 00:00:00', '2018-03-14 00:30:23'),
(11, 11, '2018-03-04', NULL, NULL, NULL, NULL, 0, NULL, NULL, NULL, NULL, NULL, NULL, '0000-00-00 00:00:00', '2018-03-14 00:30:39'),
(12, 12, '2018-03-04', NULL, NULL, NULL, NULL, 0, NULL, NULL, NULL, NULL, NULL, NULL, '0000-00-00 00:00:00', '2018-03-14 00:31:09'),
(13, 13, '2018-03-04', NULL, NULL, NULL, NULL, 0, NULL, NULL, NULL, NULL, NULL, NULL, '0000-00-00 00:00:00', '2018-03-14 00:37:00'),
(14, 14, '2018-03-04', NULL, NULL, NULL, NULL, 0, NULL, NULL, NULL, NULL, NULL, NULL, '0000-00-00 00:00:00', '2018-03-14 00:37:19'),
(15, 15, '2018-03-04', NULL, NULL, NULL, NULL, 0, NULL, NULL, NULL, NULL, NULL, NULL, '0000-00-00 00:00:00', '2018-03-14 00:37:50'),
(16, 16, '2018-03-04', NULL, NULL, NULL, NULL, 0, NULL, NULL, NULL, NULL, NULL, NULL, '0000-00-00 00:00:00', '2018-03-14 00:39:46'),
(17, 17, '2018-03-04', NULL, NULL, NULL, NULL, 0, NULL, NULL, NULL, NULL, NULL, NULL, '0000-00-00 00:00:00', '2018-03-14 00:40:05'),
(18, 18, '2018-03-04', NULL, NULL, NULL, NULL, 0, NULL, NULL, NULL, NULL, NULL, NULL, '0000-00-00 00:00:00', '2018-03-14 00:40:23'),
(19, 19, '2018-02-19', NULL, NULL, NULL, NULL, 1, NULL, NULL, NULL, NULL, NULL, NULL, '0000-00-00 00:00:00', '2018-03-14 00:24:31'),
(20, 20, '2018-03-04', NULL, NULL, NULL, NULL, 0, NULL, NULL, NULL, NULL, NULL, NULL, '0000-00-00 00:00:00', '2018-03-25 20:17:29'),
(21, 21, NULL, NULL, NULL, NULL, NULL, NULL, NULL, NULL, NULL, NULL, NULL, NULL, '0000-00-00 00:00:00', '0000-00-00 00:00:00'),
(22, 22, '2018-03-15', NULL, NULL, NULL, NULL, 0, NULL, NULL, NULL, NULL, NULL, NULL, '0000-00-00 00:00:00', '2018-03-25 21:54:00'),
(23, 23, '2018-03-15', NULL, NULL, NULL, NULL, 0, NULL, NULL, NULL, NULL, NULL, NULL, '0000-00-00 00:00:00', '2018-03-25 21:55:32'),
(24, 24, '2018-03-15', NULL, NULL, NULL, NULL, 0, NULL, NULL, NULL, NULL, NULL, NULL, '0000-00-00 00:00:00', '2018-03-25 21:56:23'),
(25, 25, NULL, NULL, NULL, NULL, NULL, NULL, NULL, NULL, NULL, NULL, NULL, NULL, '0000-00-00 00:00:00', '0000-00-00 00:00:00'),
(26, 26, '2018-03-15', NULL, NULL, NULL, NULL, 0, NULL, NULL, NULL, NULL, NULL, NULL, '0000-00-00 00:00:00', '2018-03-25 21:58:34'),
(27, 27, '2018-03-15', NULL, NULL, NULL, NULL, 0, NULL, NULL, NULL, NULL, NULL, NULL, '0000-00-00 00:00:00', '2018-03-25 21:59:59'),
(28, 28, NULL, NULL, NULL, NULL, NULL, NULL, NULL, NULL, NULL, NULL, NULL, NULL, '0000-00-00 00:00:00', '0000-00-00 00:00:00'),
(29, 29, '2018-03-15', NULL, NULL, NULL, NULL, 0, NULL, NULL, NULL, NULL, NULL, NULL, '0000-00-00 00:00:00', '2018-03-25 22:01:27'),
(30, 30, '2018-03-15', NULL, NULL, NULL, NULL, 0, NULL, NULL, NULL, NULL, NULL, NULL, '0000-00-00 00:00:00', '2018-03-25 22:02:29'),
(31, 31, '2018-03-15', NULL, NULL, NULL, NULL, 0, NULL, NULL, NULL, NULL, NULL, NULL, '0000-00-00 00:00:00', '2018-03-25 22:03:53'),
(32, 32, NULL, NULL, NULL, NULL, NULL, NULL, NULL, NULL, NULL, NULL, NULL, NULL, '0000-00-00 00:00:00', '0000-00-00 00:00:00'),
(33, 33, NULL, NULL, NULL, NULL, NULL, NULL, NULL, NULL, NULL, NULL, NULL, NULL, '0000-00-00 00:00:00', '0000-00-00 00:00:00'),
(34, 34, NULL, NULL, NULL, NULL, NULL, NULL, NULL, NULL, NULL, NULL, NULL, NULL, '0000-00-00 00:00:00', '0000-00-00 00:00:00'),
(35, 35, '2018-03-15', NULL, NULL, NULL, NULL, 0, NULL, NULL, NULL, NULL, NULL, NULL, '0000-00-00 00:00:00', '2018-03-25 22:04:49'),
(36, 36, '2018-03-15', NULL, NULL, NULL, NULL, 0, NULL, NULL, NULL, NULL, NULL, NULL, '0000-00-00 00:00:00', '2018-03-25 22:07:15'),
(37, 37, NULL, NULL, NULL, NULL, NULL, NULL, NULL, NULL, NULL, NULL, NULL, NULL, '0000-00-00 00:00:00', '0000-00-00 00:00:00'),
(38, 38, '2018-03-15', NULL, NULL, NULL, NULL, 0, NULL, NULL, NULL, NULL, NULL, NULL, '0000-00-00 00:00:00', '2018-03-25 22:06:42'),
(39, 39, '2018-03-15', NULL, NULL, NULL, NULL, 0, NULL, NULL, NULL, NULL, NULL, NULL, '0000-00-00 00:00:00', '2018-03-25 22:09:19'),
(40, 40, '2017-01-26', NULL, NULL, NULL, NULL, NULL, NULL, NULL, NULL, NULL, NULL, NULL, '0000-00-00 00:00:00', '0000-00-00 00:00:00'),
(41, 41, '2017-01-26', NULL, NULL, NULL, NULL, NULL, NULL, NULL, NULL, NULL, NULL, NULL, '0000-00-00 00:00:00', '0000-00-00 00:00:00'),
(42, 42, '2018-03-15', NULL, NULL, NULL, NULL, 0, NULL, NULL, NULL, NULL, NULL, NULL, '0000-00-00 00:00:00', '2018-03-25 22:10:31'),
(43, 43, '2018-03-15', NULL, NULL, NULL, NULL, 0, NULL, NULL, NULL, NULL, NULL, NULL, '0000-00-00 00:00:00', '2018-03-25 22:11:14'),
(44, 44, '2018-03-15', NULL, NULL, NULL, NULL, 0, NULL, NULL, NULL, NULL, NULL, NULL, '0000-00-00 00:00:00', '2018-03-25 22:11:51'),
(45, 45, '2018-03-15', NULL, NULL, NULL, NULL, 0, NULL, NULL, NULL, NULL, NULL, NULL, '0000-00-00 00:00:00', '2018-03-25 22:12:25'),
(46, 46, '2018-03-15', NULL, NULL, NULL, NULL, 0, NULL, NULL, NULL, NULL, NULL, NULL, '0000-00-00 00:00:00', '2018-03-25 22:12:51'),
(47, 47, NULL, NULL, NULL, NULL, NULL, NULL, NULL, NULL, NULL, NULL, NULL, NULL, '0000-00-00 00:00:00', '0000-00-00 00:00:00'),
(48, 48, NULL, NULL, NULL, NULL, NULL, NULL, NULL, NULL, NULL, NULL, NULL, NULL, '0000-00-00 00:00:00', '0000-00-00 00:00:00'),
(49, 49, NULL, NULL, NULL, NULL, NULL, NULL, NULL, NULL, NULL, NULL, NULL, NULL, '0000-00-00 00:00:00', '0000-00-00 00:00:00'),
(50, 50, NULL, NULL, NULL, NULL, NULL, NULL, NULL, NULL, NULL, NULL, NULL, NULL, '0000-00-00 00:00:00', '0000-00-00 00:00:00'),
(51, 51, NULL, NULL, NULL, NULL, NULL, NULL, NULL, NULL, NULL, NULL, NULL, NULL, '0000-00-00 00:00:00', '0000-00-00 00:00:00'),
(52, 52, NULL, NULL, NULL, NULL, NULL, NULL, NULL, NULL, NULL, NULL, NULL, NULL, '0000-00-00 00:00:00', '0000-00-00 00:00:00'),
(53, 53, NULL, NULL, NULL, NULL, NULL, NULL, NULL, NULL, NULL, NULL, NULL, NULL, '0000-00-00 00:00:00', '0000-00-00 00:00:00'),
(54, 54, NULL, NULL, NULL, NULL, NULL, NULL, NULL, NULL, NULL, NULL, NULL, NULL, '0000-00-00 00:00:00', '0000-00-00 00:00:00'),
(55, 55, NULL, NULL, NULL, NULL, NULL, NULL, NULL, NULL, NULL, NULL, NULL, NULL, '0000-00-00 00:00:00', '0000-00-00 00:00:00'),
(56, 56, NULL, NULL, NULL, NULL, NULL, NULL, NULL, NULL, NULL, NULL, NULL, NULL, '0000-00-00 00:00:00', '0000-00-00 00:00:00'),
(57, 57, NULL, NULL, NULL, NULL, NULL, NULL, NULL, NULL, NULL, NULL, NULL, NULL, '0000-00-00 00:00:00', '0000-00-00 00:00:00'),
(58, 58, NULL, NULL, NULL, NULL, NULL, NULL, NULL, NULL, NULL, NULL, NULL, NULL, '0000-00-00 00:00:00', '0000-00-00 00:00:00'),
(59, 59, NULL, NULL, NULL, NULL, NULL, NULL, NULL, NULL, NULL, NULL, NULL, NULL, '0000-00-00 00:00:00', '0000-00-00 00:00:00'),
(60, 60, NULL, NULL, NULL, NULL, NULL, NULL, NULL, NULL, NULL, NULL, NULL, NULL, '0000-00-00 00:00:00', '0000-00-00 00:00:00'),
(61, 61, NULL, NULL, NULL, NULL, NULL, NULL, NULL, NULL, NULL, NULL, NULL, NULL, '0000-00-00 00:00:00', '0000-00-00 00:00:00'),
(62, 62, NULL, NULL, NULL, NULL, NULL, NULL, NULL, NULL, NULL, NULL, NULL, NULL, '0000-00-00 00:00:00', '0000-00-00 00:00:00'),
(63, 63, NULL, NULL, NULL, NULL, NULL, NULL, NULL, NULL, NULL, NULL, NULL, NULL, '0000-00-00 00:00:00', '0000-00-00 00:00:00'),
(64, 64, NULL, NULL, NULL, NULL, NULL, NULL, NULL, NULL, NULL, NULL, NULL, NULL, '0000-00-00 00:00:00', '0000-00-00 00:00:00'),
(65, 65, NULL, NULL, NULL, NULL, NULL, NULL, NULL, NULL, NULL, NULL, NULL, NULL, '0000-00-00 00:00:00', '0000-00-00 00:00:00'),
(66, 66, NULL, NULL, NULL, NULL, NULL, NULL, NULL, NULL, NULL, NULL, NULL, NULL, '0000-00-00 00:00:00', '0000-00-00 00:00:00'),
(67, 67, NULL, NULL, NULL, NULL, NULL, NULL, NULL, NULL, NULL, NULL, NULL, NULL, '0000-00-00 00:00:00', '0000-00-00 00:00:00'),
(68, 68, NULL, NULL, NULL, NULL, NULL, NULL, NULL, NULL, NULL, NULL, NULL, NULL, '0000-00-00 00:00:00', '0000-00-00 00:00:00'),
(69, 69, NULL, NULL, NULL, NULL, NULL, NULL, NULL, NULL, NULL, NULL, NULL, NULL, '0000-00-00 00:00:00', '0000-00-00 00:00:00'),
(70, 70, NULL, NULL, NULL, NULL, NULL, NULL, NULL, NULL, NULL, NULL, NULL, NULL, '0000-00-00 00:00:00', '0000-00-00 00:00:00'),
(71, 71, '2018-03-25', NULL, NULL, NULL, NULL, 0, NULL, NULL, NULL, NULL, NULL, NULL, '0000-00-00 00:00:00', '2018-03-25 20:19:32'),
(72, 72, NULL, NULL, NULL, NULL, NULL, NULL, NULL, NULL, NULL, NULL, NULL, NULL, '0000-00-00 00:00:00', '0000-00-00 00:00:00'),
(73, 73, '2018-03-04', NULL, NULL, NULL, NULL, 0, NULL, NULL, NULL, NULL, NULL, NULL, '0000-00-00 00:00:00', '2018-03-25 22:15:15'),
(74, 74, '2018-03-04', NULL, NULL, NULL, NULL, 0, NULL, NULL, NULL, NULL, NULL, NULL, '0000-00-00 00:00:00', '2018-03-25 22:16:13'),
(75, 75, NULL, NULL, NULL, NULL, NULL, NULL, NULL, NULL, NULL, NULL, NULL, NULL, '0000-00-00 00:00:00', '0000-00-00 00:00:00'),
(76, 76, '2018-03-04', NULL, NULL, NULL, NULL, 0, NULL, NULL, NULL, NULL, NULL, NULL, '0000-00-00 00:00:00', '2018-03-25 22:17:01'),
(77, 77, NULL, NULL, NULL, NULL, NULL, NULL, NULL, NULL, NULL, NULL, NULL, NULL, '0000-00-00 00:00:00', '0000-00-00 00:00:00'),
(78, 78, NULL, NULL, NULL, NULL, NULL, NULL, NULL, NULL, NULL, NULL, NULL, NULL, '0000-00-00 00:00:00', '0000-00-00 00:00:00'),
(79, 79, '2018-03-04', NULL, NULL, NULL, NULL, 0, NULL, NULL, NULL, NULL, NULL, NULL, '0000-00-00 00:00:00', '2018-03-25 22:18:03'),
(80, 80, NULL, NULL, NULL, NULL, NULL, NULL, NULL, NULL, NULL, NULL, NULL, NULL, '0000-00-00 00:00:00', '0000-00-00 00:00:00'),
(81, 81, NULL, NULL, NULL, NULL, NULL, NULL, NULL, NULL, NULL, NULL, NULL, NULL, '0000-00-00 00:00:00', '0000-00-00 00:00:00'),
(82, 82, NULL, NULL, NULL, NULL, NULL, NULL, NULL, NULL, NULL, NULL, NULL, NULL, '0000-00-00 00:00:00', '0000-00-00 00:00:00'),
(83, 83, NULL, NULL, NULL, NULL, NULL, NULL, NULL, NULL, NULL, NULL, NULL, NULL, '0000-00-00 00:00:00', '0000-00-00 00:00:00'),
(84, 84, NULL, NULL, NULL, NULL, NULL, NULL, NULL, NULL, NULL, NULL, NULL, NULL, '0000-00-00 00:00:00', '0000-00-00 00:00:00'),
(85, 85, NULL, NULL, NULL, NULL, NULL, NULL, NULL, NULL, NULL, NULL, NULL, NULL, '0000-00-00 00:00:00', '0000-00-00 00:00:00'),
(86, 86, NULL, NULL, NULL, NULL, NULL, NULL, NULL, NULL, NULL, NULL, NULL, NULL, '0000-00-00 00:00:00', '0000-00-00 00:00:00'),
(87, 87, NULL, NULL, NULL, NULL, NULL, NULL, NULL, NULL, NULL, NULL, NULL, NULL, '0000-00-00 00:00:00', '0000-00-00 00:00:00'),
(88, 88, NULL, NULL, NULL, NULL, NULL, NULL, NULL, NULL, NULL, NULL, NULL, NULL, '0000-00-00 00:00:00', '0000-00-00 00:00:00'),
(89, 89, '2018-03-04', NULL, NULL, NULL, NULL, 0, NULL, NULL, NULL, NULL, NULL, NULL, '0000-00-00 00:00:00', '2018-03-25 22:19:13'),
(90, 90, NULL, NULL, NULL, NULL, NULL, NULL, NULL, NULL, NULL, NULL, NULL, NULL, '0000-00-00 00:00:00', '0000-00-00 00:00:00'),
(91, 91, NULL, NULL, NULL, NULL, NULL, NULL, NULL, NULL, NULL, NULL, NULL, NULL, '0000-00-00 00:00:00', '0000-00-00 00:00:00'),
(92, 92, '2018-02-08', NULL, NULL, NULL, NULL, 0, NULL, NULL, NULL, NULL, NULL, NULL, '0000-00-00 00:00:00', '2018-03-25 22:19:50'),
(93, 93, NULL, NULL, NULL, NULL, NULL, NULL, NULL, NULL, NULL, NULL, NULL, NULL, '0000-00-00 00:00:00', '0000-00-00 00:00:00'),
(94, 94, NULL, NULL, NULL, NULL, NULL, NULL, NULL, NULL, NULL, NULL, NULL, NULL, '0000-00-00 00:00:00', '0000-00-00 00:00:00'),
(95, 95, '2018-03-04', NULL, NULL, NULL, NULL, 0, NULL, NULL, NULL, NULL, NULL, NULL, '0000-00-00 00:00:00', '2018-03-25 22:20:20'),
(96, 96, NULL, NULL, NULL, NULL, NULL, NULL, NULL, NULL, NULL, NULL, NULL, NULL, '0000-00-00 00:00:00', '0000-00-00 00:00:00'),
(97, 97, '2018-03-04', NULL, NULL, NULL, NULL, 0, NULL, NULL, NULL, NULL, NULL, NULL, '0000-00-00 00:00:00', '2018-03-25 22:20:48'),
(98, 98, '2018-03-04', NULL, NULL, NULL, NULL, 0, NULL, NULL, NULL, NULL, NULL, NULL, '0000-00-00 00:00:00', '2018-03-25 22:21:07'),
(99, 99, NULL, NULL, NULL, NULL, NULL, NULL, NULL, NULL, NULL, NULL, NULL, NULL, '0000-00-00 00:00:00', '0000-00-00 00:00:00'),
(100, 100, '2018-03-04', NULL, NULL, NULL, NULL, 0, NULL, NULL, NULL, NULL, NULL, NULL, '0000-00-00 00:00:00', '2018-03-25 22:21:30'),
(101, 101, NULL, NULL, NULL, NULL, NULL, NULL, NULL, NULL, NULL, NULL, NULL, NULL, '0000-00-00 00:00:00', '0000-00-00 00:00:00'),
(102, 102, '2018-03-04', NULL, NULL, NULL, NULL, 0, NULL, NULL, NULL, NULL, NULL, NULL, '0000-00-00 00:00:00', '2018-03-25 22:21:55'),
(103, 103, '2018-03-04', NULL, NULL, NULL, NULL, 1, NULL, NULL, NULL, NULL, NULL, NULL, '0000-00-00 00:00:00', '2018-03-25 22:22:39'),
(104, 104, '2018-03-04', NULL, NULL, NULL, NULL, 0, NULL, NULL, NULL, NULL, NULL, NULL, '0000-00-00 00:00:00', '2018-03-25 22:26:08'),
(105, 105, '2018-02-08', NULL, NULL, NULL, NULL, 0, NULL, NULL, NULL, NULL, NULL, NULL, '0000-00-00 00:00:00', '2018-03-25 22:26:38'),
(106, 106, '2018-03-04', NULL, NULL, NULL, NULL, 0, NULL, NULL, NULL, NULL, NULL, NULL, '0000-00-00 00:00:00', '2018-03-25 22:33:49'),
(107, 107, '2018-03-04', NULL, NULL, NULL, NULL, 0, NULL, NULL, NULL, NULL, NULL, NULL, '0000-00-00 00:00:00', '2018-03-25 22:34:46'),
(108, 108, '2018-03-04', NULL, NULL, NULL, NULL, 0, NULL, NULL, NULL, NULL, NULL, NULL, '0000-00-00 00:00:00', '2018-03-25 22:37:43'),
(109, 109, NULL, NULL, NULL, NULL, NULL, NULL, NULL, NULL, NULL, NULL, NULL, NULL, '0000-00-00 00:00:00', '0000-00-00 00:00:00'),
(110, 110, NULL, NULL, NULL, NULL, NULL, NULL, NULL, NULL, NULL, NULL, NULL, NULL, '0000-00-00 00:00:00', '0000-00-00 00:00:00'),
(111, 111, NULL, NULL, NULL, NULL, NULL, NULL, NULL, NULL, NULL, NULL, NULL, NULL, '0000-00-00 00:00:00', '0000-00-00 00:00:00'),
(112, 112, NULL, NULL, NULL, NULL, NULL, NULL, NULL, NULL, NULL, NULL, NULL, NULL, '0000-00-00 00:00:00', '0000-00-00 00:00:00'),
(113, 113, NULL, NULL, NULL, NULL, NULL, NULL, NULL, NULL, NULL, NULL, NULL, NULL, '0000-00-00 00:00:00', '0000-00-00 00:00:00'),
(114, 114, NULL, NULL, NULL, NULL, NULL, NULL, NULL, NULL, NULL, NULL, NULL, NULL, '0000-00-00 00:00:00', '0000-00-00 00:00:00'),
(115, 115, NULL, NULL, NULL, NULL, NULL, NULL, NULL, NULL, NULL, NULL, NULL, NULL, '0000-00-00 00:00:00', '0000-00-00 00:00:00'),
(116, 116, NULL, NULL, NULL, NULL, NULL, NULL, NULL, NULL, NULL, NULL, NULL, NULL, '0000-00-00 00:00:00', '0000-00-00 00:00:00'),
(117, 117, NULL, NULL, NULL, NULL, NULL, NULL, NULL, NULL, NULL, NULL, NULL, NULL, '0000-00-00 00:00:00', '0000-00-00 00:00:00'),
(118, 118, '2018-03-25', NULL, NULL, NULL, NULL, 0, NULL, NULL, NULL, NULL, NULL, NULL, '0000-00-00 00:00:00', '2018-03-25 22:39:02'),
(119, 119, '2018-03-25', NULL, NULL, NULL, NULL, 0, NULL, NULL, NULL, NULL, NULL, NULL, '0000-00-00 00:00:00', '2018-03-25 22:39:33'),
(120, 120, '2018-01-29', NULL, NULL, NULL, NULL, 0, NULL, NULL, NULL, NULL, NULL, NULL, '0000-00-00 00:00:00', '2018-03-25 22:40:17'),
(121, 121, '2018-03-25', NULL, NULL, NULL, NULL, 0, NULL, NULL, NULL, NULL, NULL, NULL, '0000-00-00 00:00:00', '2018-03-25 22:40:53'),
(122, 122, '2018-01-16', NULL, NULL, NULL, NULL, 0, NULL, NULL, NULL, NULL, NULL, NULL, '0000-00-00 00:00:00', '2018-03-25 22:41:21'),
(123, 123, '2018-03-26', NULL, NULL, NULL, NULL, 0, NULL, NULL, NULL, NULL, NULL, NULL, '0000-00-00 00:00:00', '2018-03-25 22:41:45'),
(124, 124, '2018-03-26', NULL, NULL, NULL, NULL, 0, NULL, NULL, NULL, NULL, NULL, NULL, '0000-00-00 00:00:00', '2018-03-25 22:42:12'),
(125, 125, NULL, NULL, NULL, NULL, NULL, NULL, NULL, NULL, NULL, NULL, NULL, NULL, '0000-00-00 00:00:00', '0000-00-00 00:00:00'),
(126, 126, NULL, NULL, NULL, NULL, NULL, NULL, NULL, NULL, NULL, NULL, NULL, NULL, '0000-00-00 00:00:00', '0000-00-00 00:00:00'),
(127, 127, '2018-03-25', NULL, NULL, NULL, NULL, 0, NULL, NULL, NULL, NULL, NULL, NULL, '0000-00-00 00:00:00', '2018-03-25 22:42:52'),
(128, 128, NULL, NULL, NULL, NULL, NULL, NULL, NULL, NULL, NULL, NULL, NULL, NULL, '0000-00-00 00:00:00', '0000-00-00 00:00:00'),
(129, 129, NULL, NULL, NULL, NULL, NULL, NULL, NULL, NULL, NULL, NULL, NULL, NULL, '0000-00-00 00:00:00', '0000-00-00 00:00:00'),
(130, 130, NULL, NULL, NULL, NULL, NULL, NULL, NULL, NULL, NULL, NULL, NULL, NULL, '0000-00-00 00:00:00', '0000-00-00 00:00:00'),
(131, 131, NULL, NULL, NULL, NULL, NULL, NULL, NULL, NULL, NULL, NULL, NULL, NULL, '0000-00-00 00:00:00', '0000-00-00 00:00:00'),
(132, 132, '2018-03-26', NULL, NULL, NULL, NULL, 0, NULL, NULL, NULL, NULL, NULL, NULL, '0000-00-00 00:00:00', '2018-03-25 22:43:40'),
(133, 133, NULL, NULL, NULL, NULL, NULL, NULL, NULL, NULL, NULL, NULL, NULL, NULL, '0000-00-00 00:00:00', '0000-00-00 00:00:00'),
(134, 134, NULL, NULL, NULL, NULL, NULL, NULL, NULL, NULL, NULL, NULL, NULL, NULL, '0000-00-00 00:00:00', '0000-00-00 00:00:00'),
(135, 135, NULL, NULL, NULL, NULL, NULL, NULL, NULL, NULL, NULL, NULL, NULL, NULL, '0000-00-00 00:00:00', '0000-00-00 00:00:00'),
(136, 136, NULL, NULL, NULL, NULL, NULL, NULL, NULL, NULL, NULL, NULL, NULL, NULL, '0000-00-00 00:00:00', '0000-00-00 00:00:00'),
(137, 137, NULL, NULL, NULL, NULL, NULL, NULL, NULL, NULL, NULL, NULL, NULL, NULL, '0000-00-00 00:00:00', '0000-00-00 00:00:00'),
(138, 138, NULL, NULL, NULL, NULL, NULL, NULL, NULL, NULL, NULL, NULL, NULL, NULL, '0000-00-00 00:00:00', '0000-00-00 00:00:00'),
(139, 139, NULL, NULL, NULL, NULL, NULL, NULL, NULL, NULL, NULL, NULL, NULL, NULL, '0000-00-00 00:00:00', '0000-00-00 00:00:00'),
(140, 140, NULL, NULL, NULL, NULL, NULL, NULL, NULL, NULL, NULL, NULL, NULL, NULL, '0000-00-00 00:00:00', '0000-00-00 00:00:00'),
(141, 141, NULL, NULL, NULL, NULL, NULL, NULL, NULL, NULL, NULL, NULL, NULL, NULL, '0000-00-00 00:00:00', '0000-00-00 00:00:00'),
(142, 142, NULL, NULL, NULL, NULL, NULL, NULL, NULL, NULL, NULL, NULL, NULL, NULL, '0000-00-00 00:00:00', '0000-00-00 00:00:00'),
(143, 143, NULL, NULL, NULL, NULL, NULL, NULL, NULL, NULL, NULL, NULL, NULL, NULL, '0000-00-00 00:00:00', '0000-00-00 00:00:00'),
(144, 144, NULL, NULL, NULL, NULL, NULL, NULL, NULL, NULL, NULL, NULL, NULL, NULL, '0000-00-00 00:00:00', '0000-00-00 00:00:00'),
(145, 145, NULL, NULL, NULL, NULL, NULL, NULL, NULL, NULL, NULL, NULL, NULL, NULL, '0000-00-00 00:00:00', '0000-00-00 00:00:00'),
(146, 146, NULL, NULL, NULL, NULL, NULL, NULL, NULL, NULL, NULL, NULL, NULL, NULL, '0000-00-00 00:00:00', '0000-00-00 00:00:00'),
(147, 147, NULL, NULL, NULL, NULL, NULL, NULL, NULL, NULL, NULL, NULL, NULL, NULL, '0000-00-00 00:00:00', '0000-00-00 00:00:00'),
(148, 148, NULL, NULL, NULL, NULL, NULL, NULL, NULL, NULL, NULL, NULL, NULL, NULL, '0000-00-00 00:00:00', '0000-00-00 00:00:00'),
(149, 149, NULL, NULL, NULL, NULL, NULL, NULL, NULL, NULL, NULL, NULL, NULL, NULL, '0000-00-00 00:00:00', '0000-00-00 00:00:00'),
(150, 150, NULL, NULL, NULL, NULL, NULL, NULL, NULL, NULL, NULL, NULL, NULL, NULL, '0000-00-00 00:00:00', '0000-00-00 00:00:00'),
(151, 151, NULL, NULL, NULL, NULL, NULL, NULL, NULL, NULL, NULL, NULL, NULL, NULL, '0000-00-00 00:00:00', '0000-00-00 00:00:00'),
(152, 152, NULL, NULL, NULL, NULL, NULL, NULL, NULL, NULL, NULL, NULL, NULL, NULL, '0000-00-00 00:00:00', '0000-00-00 00:00:00'),
(153, 153, NULL, NULL, NULL, NULL, NULL, NULL, NULL, NULL, NULL, NULL, NULL, NULL, '0000-00-00 00:00:00', '0000-00-00 00:00:00'),
(154, 154, NULL, NULL, NULL, NULL, NULL, NULL, NULL, NULL, NULL, NULL, NULL, NULL, '0000-00-00 00:00:00', '0000-00-00 00:00:00'),
(155, 155, NULL, NULL, NULL, NULL, NULL, NULL, NULL, NULL, NULL, NULL, NULL, NULL, '0000-00-00 00:00:00', '0000-00-00 00:00:00'),
(156, 156, NULL, NULL, NULL, NULL, NULL, NULL, NULL, NULL, NULL, NULL, NULL, NULL, '0000-00-00 00:00:00', '0000-00-00 00:00:00'),
(157, 157, '2018-01-24', NULL, NULL, NULL, NULL, 1, NULL, NULL, NULL, NULL, NULL, NULL, '0000-00-00 00:00:00', '2018-03-25 22:45:28'),
(158, 158, '2018-01-11', NULL, NULL, NULL, NULL, 0, NULL, NULL, NULL, NULL, NULL, NULL, '0000-00-00 00:00:00', '2018-03-25 22:46:30'),
(159, 159, NULL, NULL, NULL, NULL, NULL, NULL, NULL, NULL, NULL, NULL, NULL, NULL, '0000-00-00 00:00:00', '0000-00-00 00:00:00'),
(160, 160, '2018-01-24', NULL, NULL, NULL, NULL, 1, NULL, NULL, NULL, NULL, NULL, NULL, '0000-00-00 00:00:00', '2018-03-25 22:47:13'),
(161, 161, '2018-01-24', NULL, NULL, NULL, NULL, 0, NULL, NULL, NULL, NULL, NULL, NULL, '0000-00-00 00:00:00', '2018-03-25 22:47:31'),
(162, 162, '2018-01-24', NULL, NULL, NULL, NULL, 0, NULL, NULL, NULL, NULL, NULL, NULL, '0000-00-00 00:00:00', '2018-03-25 22:47:47'),
(163, 163, NULL, NULL, NULL, NULL, NULL, NULL, NULL, NULL, NULL, NULL, NULL, NULL, '0000-00-00 00:00:00', '0000-00-00 00:00:00'),
(164, 164, '2018-01-24', NULL, NULL, NULL, NULL, 0, NULL, NULL, NULL, NULL, NULL, NULL, '0000-00-00 00:00:00', '2018-03-25 22:48:03'),
(165, 165, '2018-01-24', NULL, NULL, NULL, NULL, 0, NULL, NULL, NULL, NULL, NULL, NULL, '0000-00-00 00:00:00', '2018-03-25 22:48:20'),
(166, 166, '2018-01-24', NULL, NULL, NULL, NULL, 1, NULL, NULL, NULL, NULL, NULL, NULL, '0000-00-00 00:00:00', '2018-03-25 22:48:37'),
(167, 167, '2018-01-24', NULL, NULL, NULL, NULL, 0, NULL, NULL, NULL, NULL, NULL, NULL, '0000-00-00 00:00:00', '2018-03-25 22:48:53'),
(168, 168, NULL, NULL, NULL, NULL, NULL, NULL, NULL, NULL, NULL, NULL, NULL, NULL, '0000-00-00 00:00:00', '0000-00-00 00:00:00'),
(169, 169, NULL, NULL, NULL, NULL, NULL, NULL, NULL, NULL, NULL, NULL, NULL, NULL, '0000-00-00 00:00:00', '0000-00-00 00:00:00'),
(170, 170, NULL, NULL, NULL, NULL, NULL, NULL, NULL, NULL, NULL, NULL, NULL, NULL, '0000-00-00 00:00:00', '0000-00-00 00:00:00'),
(171, 171, NULL, NULL, NULL, NULL, NULL, NULL, NULL, NULL, NULL, NULL, NULL, NULL, '0000-00-00 00:00:00', '0000-00-00 00:00:00'),
(172, 172, NULL, NULL, NULL, NULL, NULL, NULL, NULL, NULL, NULL, NULL, NULL, NULL, '0000-00-00 00:00:00', '0000-00-00 00:00:00'),
(173, 173, NULL, NULL, NULL, NULL, NULL, NULL, NULL, NULL, NULL, NULL, NULL, NULL, '0000-00-00 00:00:00', '0000-00-00 00:00:00'),
(174, 174, NULL, NULL, NULL, NULL, NULL, NULL, NULL, NULL, NULL, NULL, NULL, NULL, '0000-00-00 00:00:00', '0000-00-00 00:00:00'),
(175, 175, NULL, NULL, NULL, NULL, NULL, NULL, NULL, NULL, NULL, NULL, NULL, NULL, '0000-00-00 00:00:00', '0000-00-00 00:00:00'),
(176, 176, NULL, NULL, NULL, NULL, NULL, NULL, NULL, NULL, NULL, NULL, NULL, NULL, '0000-00-00 00:00:00', '0000-00-00 00:00:00'),
(177, 177, NULL, NULL, NULL, NULL, NULL, NULL, NULL, NULL, NULL, NULL, NULL, NULL, '0000-00-00 00:00:00', '0000-00-00 00:00:00'),
(178, 178, NULL, NULL, NULL, NULL, NULL, NULL, NULL, NULL, NULL, NULL, NULL, NULL, '0000-00-00 00:00:00', '0000-00-00 00:00:00'),
(179, 179, NULL, NULL, NULL, NULL, NULL, NULL, NULL, NULL, NULL, NULL, NULL, NULL, '0000-00-00 00:00:00', '0000-00-00 00:00:00');

-- --------------------------------------------------------

--
-- Table structure for table `legals`
--

CREATE TABLE `legals` (
  `id` int(10) UNSIGNED NOT NULL,
  `facility_id` int(11) NOT NULL,
  `is_moa_sent` tinyint(1) DEFAULT NULL,
  `moa_version` tinyint(4) DEFAULT NULL,
  `date_sent` date DEFAULT NULL,
  `is_wah_signed` tinyint(1) DEFAULT NULL,
  `is_muncity_signed` tinyint(1) DEFAULT NULL,
  `is_pho_signed` tinyint(1) DEFAULT NULL,
  `is_moa_recorded` tinyint(1) DEFAULT NULL,
  `date_recorded` date DEFAULT NULL,
  `date_returned_to_rhu` date DEFAULT NULL,
  `tracking_no` varchar(191) COLLATE utf8mb4_unicode_ci DEFAULT NULL,
  `date_picked_up_by_rhu` date DEFAULT NULL,
  `receiver` varchar(191) COLLATE utf8mb4_unicode_ci DEFAULT NULL,
  `is_nda_sent` tinyint(1) DEFAULT NULL,
  `is_oriented_on_consent` tinyint(1) DEFAULT NULL,
  `is_using_consent` tinyint(4) DEFAULT NULL,
  `has_engagement_form` tinyint(1) DEFAULT NULL,
  `has_data_release_consent_form` tinyint(1) DEFAULT NULL,
  `is_sla` tinyint(1) DEFAULT NULL,
  `mayor` varchar(191) COLLATE utf8mb4_unicode_ci DEFAULT NULL,
  `created_at` timestamp NULL DEFAULT NULL,
  `updated_at` timestamp NULL DEFAULT NULL
) ENGINE=InnoDB DEFAULT CHARSET=utf8mb4 COLLATE=utf8mb4_unicode_ci;

--
-- Dumping data for table `legals`
--

INSERT INTO `legals` (`id`, `facility_id`, `is_moa_sent`, `moa_version`, `date_sent`, `is_wah_signed`, `is_muncity_signed`, `is_pho_signed`, `is_moa_recorded`, `date_recorded`, `date_returned_to_rhu`, `tracking_no`, `date_picked_up_by_rhu`, `receiver`, `is_nda_sent`, `is_oriented_on_consent`, `is_using_consent`, `has_engagement_form`, `has_data_release_consent_form`, `is_sla`, `mayor`, `created_at`, `updated_at`) VALUES
(1, 1, 0, NULL, NULL, NULL, NULL, NULL, 0, NULL, NULL, NULL, NULL, NULL, 0, 0, 0, 0, 0, NULL, 'N/A', '0000-00-00 00:00:00', '0000-00-00 00:00:00'),
(2, 2, 1, 1, '2016-02-26', 1, 1, 1, 1, '2016-03-30', '2016-06-03', 'Send Back to RHU', '2016-06-03', 'RHU Staff', 1, 1, 1, 1, 1, NULL, 'Hon. Lairvee G. Espiritu', '0000-00-00 00:00:00', '0000-00-00 00:00:00'),
(3, 3, 1, 1, '2016-02-26', 1, 1, 1, 1, '2016-11-17', '2016-10-10', 'Send Back to RHU', '2016-11-20', 'RHU Staff', 1, 1, 1, 1, 1, NULL, 'Hon. Mar Ruel P. Sumabat', '0000-00-00 00:00:00', '0000-00-00 00:00:00'),
(4, 4, 1, 1, '2016-02-26', 1, 1, 1, 1, '2017-04-02', NULL, NULL, NULL, NULL, 1, 1, 1, 1, 1, NULL, 'Hon. Samel G.F Parilla II', '0000-00-00 00:00:00', '0000-00-00 00:00:00'),
(5, 5, 1, 1, '2016-02-26', 1, 1, 1, 1, '2016-09-05', '2016-12-15', '126440670373', '2016-12-18', 'MARIBETH TUDAYAN', 1, 1, 2, 1, 1, NULL, 'Hon. Ericson G. Singson', '0000-00-00 00:00:00', '0000-00-00 00:00:00'),
(6, 6, 1, 1, '2016-02-26', 1, 1, 1, 1, '2016-08-08', '2016-10-10', 'Send Back to RHU', '2016-10-10', 'RHU Staff', 1, 1, 2, 1, 1, NULL, 'Hon. Juan Paolo Singson Ancheta', '0000-00-00 00:00:00', '0000-00-00 00:00:00'),
(7, 7, 1, 1, '2016-03-10', 1, 1, 1, 1, '2017-01-23', '2017-01-26', '126375592104', '2017-02-12', 'HARNOIS, ENJELBERT', 1, 1, 1, 1, 1, NULL, 'Hon. Pablito Benjamin P. Maggay', '0000-00-00 00:00:00', '0000-00-00 00:00:00'),
(8, 8, 1, 1, '2016-02-26', 1, 1, 1, 1, '2016-07-05', '2016-08-01', '126383879221', '2016-08-03', 'MARIE SABALBORO', 1, 1, 1, 1, 1, NULL, 'Hon. Henry S.Gallardo', '0000-00-00 00:00:00', '0000-00-00 00:00:00'),
(9, 9, 1, 1, '2016-01-11', 1, 1, 1, 1, '2016-04-18', '2016-04-20', 'Send Back to RHU', '2016-04-20', 'RHU Staff', 1, 1, 2, 1, 1, NULL, 'Hon. Benilda D. Tawali', '0000-00-00 00:00:00', '0000-00-00 00:00:00'),
(10, 10, 1, 1, '2016-02-26', 1, 1, 1, 1, '2016-07-18', '2016-07-20', 'Send Back to RHU', '2016-07-20', 'RHU Staff', 1, 1, 2, 1, 1, NULL, 'Hon. Allen L. Nimo Jr.', '0000-00-00 00:00:00', '0000-00-00 00:00:00'),
(11, 11, 1, 1, '2016-02-26', 1, 1, 1, 1, '2016-12-12', '2016-12-13', '149555816592', '2016-12-14', 'RHU Salcedo Staff', 1, 1, 1, 1, 1, NULL, 'Hon. Leopoldo G. Gironella Jr.', '0000-00-00 00:00:00', '0000-00-00 00:00:00'),
(12, 12, 1, 1, '2016-08-01', 1, 1, 1, 1, '2017-01-09', '2016-01-09', 'SEnd Back to RHU', '2016-01-09', 'RHU Staff', 1, 1, 1, 1, 1, NULL, 'Hon. Mark Anthony A. Purisima', '0000-00-00 00:00:00', '0000-00-00 00:00:00'),
(13, 13, 1, 1, '2016-02-26', 1, 1, 1, 1, '2016-10-17', '2016-10-18', '126375704084', '2016-10-24', 'Manuel Tunglab', 1, 1, 0, 1, 1, NULL, 'Hon. Jesus B. Bueno Jr.', '0000-00-00 00:00:00', '0000-00-00 00:00:00'),
(14, 14, 1, 3, '2016-12-12', 1, 1, 2, 1, '2017-01-23', '2017-01-26', '139477000000', '2017-01-30', 'ANA ROSE ABLAN', 1, 1, 1, 1, 1, NULL, 'Atty. Virgilio J. Valle', '0000-00-00 00:00:00', '0000-00-00 00:00:00'),
(15, 15, 1, 1, '2016-02-26', 1, 1, 1, 1, '2016-11-14', '2016-12-13', '149555816600', '2016-12-20', 'SHERYL SIBAYAN', 1, 1, 2, 1, 1, NULL, 'Hon. Aries D. Gaerlan', '0000-00-00 00:00:00', '0000-00-00 00:00:00'),
(16, 16, 1, 1, '2016-01-04', 1, 1, 2, 1, '2016-01-12', '2016-01-13', '179417407558', '1966-01-15', 'JUMAR V TABANGCURA', 1, 1, 2, 1, 1, NULL, 'Hon. Amado T. Tadena', '0000-00-00 00:00:00', '0000-00-00 00:00:00'),
(17, 17, 1, 1, '2016-04-11', 1, 1, 1, 1, '2016-09-30', '2016-10-10', '2', '2016-10-10', 'RHU STaff', 1, 1, 1, 1, 1, NULL, 'Hon. Fernando C. Quiton, Sr.', '0000-00-00 00:00:00', '0000-00-00 00:00:00'),
(18, 18, 1, 4, '2017-02-27', 1, 1, 2, 1, '2017-03-29', '2017-04-01', '139486799517', NULL, NULL, 1, NULL, NULL, 1, 1, NULL, 'Hon. Samuel B. Subagan Jr.', '0000-00-00 00:00:00', '0000-00-00 00:00:00'),
(19, 19, 1, 3, '2016-12-09', 1, 1, 2, 1, '2016-12-13', '2016-12-14', '139526837634', '2016-12-16', 'CITY HEALTH OFFICE LGU VIGAN', 1, 1, 1, 1, 1, NULL, 'Hon. Juan Carlo S. Medina', '0000-00-00 00:00:00', '0000-00-00 00:00:00'),
(20, 20, 1, 1, '2016-02-29', 1, 1, 2, 1, '2016-03-08', NULL, NULL, NULL, NULL, 1, 1, 1, 1, 1, NULL, 'Hon. Robert B. Madarang Jr.', '0000-00-00 00:00:00', '0000-00-00 00:00:00'),
(21, 21, 1, 1, '2016-02-26', 1, 0, 2, 0, NULL, NULL, NULL, NULL, NULL, 1, 0, 0, NULL, NULL, NULL, 'N/A', '0000-00-00 00:00:00', '0000-00-00 00:00:00'),
(22, 22, 1, NULL, '2017-06-07', 1, 1, 1, 1, '2017-09-13', NULL, NULL, NULL, NULL, 1, NULL, NULL, 1, NULL, NULL, 'Hon. Jose N. Pajeta, Jr.', '0000-00-00 00:00:00', '0000-00-00 00:00:00'),
(23, 23, 1, NULL, '2017-06-07', 1, 1, 1, 1, '2017-09-15', NULL, NULL, NULL, NULL, 1, NULL, NULL, 1, 1, 1, 'Hon. Eduardo T. Ballesteros', '0000-00-00 00:00:00', '0000-00-00 00:00:00'),
(24, 24, 1, 3, '2016-10-28', 1, 1, 2, 1, '2016-12-20', '2016-12-15', '149277368445', '2016-12-16', 'ROEL CASTRO', 1, 1, 1, 1, 1, NULL, 'Hon. Gwen P. Yamamoto', '0000-00-00 00:00:00', '0000-00-00 00:00:00'),
(25, 25, 1, 3, '2016-10-28', 1, 1, 2, NULL, '2016-12-20', '2016-12-15', '149277368445', '2016-12-16', 'ROEL CASTRO', 1, 1, 1, 1, 1, NULL, NULL, '0000-00-00 00:00:00', '0000-00-00 00:00:00'),
(26, 26, 1, 3, '2016-10-28', 1, 0, 2, 0, NULL, NULL, NULL, NULL, NULL, 1, 1, 2, 1, 1, NULL, 'Hon. Manolito S. De Leon', '0000-00-00 00:00:00', '0000-00-00 00:00:00'),
(27, 27, 1, 3, '2016-10-28', 1, 1, 2, 1, '2016-12-20', '2017-01-23', '139480150752', '2017-01-28', 'DE VERA, CRIS EVER CLOYD', 1, 1, 2, 1, NULL, NULL, 'Hon. Cezar T. Quiambao', '0000-00-00 00:00:00', '0000-00-00 00:00:00'),
(28, 28, 0, NULL, NULL, 0, 0, 0, 1, NULL, NULL, NULL, NULL, NULL, 0, 0, NULL, 0, 0, 0, NULL, '0000-00-00 00:00:00', '2018-03-27 22:13:35'),
(29, 29, NULL, NULL, NULL, NULL, NULL, NULL, 0, NULL, NULL, NULL, NULL, NULL, NULL, NULL, NULL, NULL, NULL, NULL, 'N/A', '0000-00-00 00:00:00', '0000-00-00 00:00:00'),
(30, 30, 1, 3, '2017-01-11', NULL, NULL, 2, 0, NULL, NULL, NULL, NULL, NULL, NULL, NULL, NULL, 1, 1, NULL, 'Hon. Simplicio De Leon Rosario', '0000-00-00 00:00:00', '0000-00-00 00:00:00'),
(31, 31, 1, 4, '2017-01-11', 1, 1, 2, 1, '2017-01-26', '2017-01-27', '139524914301', '2017-01-31', 'BASCONCILLO MADEL', 1, NULL, 2, 1, 1, NULL, 'Hon. Arnold F. Celeste', '0000-00-00 00:00:00', '0000-00-00 00:00:00'),
(32, 32, 1, 4, '2017-01-11', 1, 1, 2, NULL, '2017-01-26', '2017-01-27', NULL, NULL, NULL, 1, NULL, 2, 1, NULL, NULL, NULL, '0000-00-00 00:00:00', '0000-00-00 00:00:00'),
(33, 33, 1, 3, '2016-10-28', 1, 1, 2, 1, '2016-12-20', '2017-12-20', NULL, NULL, NULL, 1, 1, 1, 1, 1, NULL, 'Hon. Joseph Arman C. Bauzon', '0000-00-00 00:00:00', '0000-00-00 00:00:00'),
(34, 34, 1, 3, '2016-10-28', 1, 1, 2, NULL, '2016-12-20', '2017-12-20', NULL, NULL, NULL, 1, 1, 1, 1, 1, NULL, NULL, '0000-00-00 00:00:00', '0000-00-00 00:00:00'),
(35, 35, 1, 3, '2016-10-28', 1, 1, 2, 1, '2016-12-20', '2017-01-13', 'Send Back to RHU during  Monitoring', '2017-01-13', 'RHU Staff', 1, 1, 1, 1, 1, NULL, 'Hon. Silverio D. Alarcio Jr.', '0000-00-00 00:00:00', '0000-00-00 00:00:00'),
(36, 36, 1, 3, '2016-10-28', 1, 1, 2, 1, '2017-09-13', NULL, NULL, NULL, NULL, 1, 1, 2, 1, 1, 1, 'Hon. Noel Anthony M. Geslani', '0000-00-00 00:00:00', '0000-00-00 00:00:00'),
(37, 37, NULL, NULL, NULL, NULL, NULL, NULL, NULL, NULL, NULL, NULL, NULL, NULL, NULL, NULL, NULL, NULL, NULL, NULL, NULL, '0000-00-00 00:00:00', '0000-00-00 00:00:00'),
(38, 38, 1, 3, '2016-10-28', 1, 1, 2, 1, '2017-10-18', NULL, NULL, NULL, NULL, 1, 1, 1, 1, 1, NULL, 'Hon. Bonafe D. Parayno', '0000-00-00 00:00:00', '0000-00-00 00:00:00'),
(39, 39, 1, NULL, '2017-06-07', 1, 1, 1, 1, '2017-10-04', NULL, NULL, NULL, NULL, 1, NULL, NULL, 1, NULL, NULL, 'Hon. Cristina  L. Quinto', '0000-00-00 00:00:00', '0000-00-00 00:00:00'),
(40, 40, 1, 4, '2017-02-02', 1, 1, 2, 1, '2017-03-28', '2017-04-01', '139486799499', '2017-04-03', NULL, NULL, NULL, NULL, 1, NULL, NULL, 'Hon. Robert De Vera', '0000-00-00 00:00:00', '0000-00-00 00:00:00'),
(41, 41, 1, 3, '2016-10-28', 1, 1, 2, 1, '2016-12-20', '2017-01-13', 'Send Back to RHU during Monitoring', '2017-01-13', 'RHU Staff', 1, 1, 0, 1, 1, NULL, 'Hon. Alain Jerico S. Perez', '0000-00-00 00:00:00', '0000-00-00 00:00:00'),
(42, 42, 1, NULL, '2017-07-19', 1, 1, 1, 1, '2017-08-22', NULL, NULL, NULL, NULL, 1, NULL, NULL, 1, NULL, 1, 'Hon. Rebecca M. Saldivar', '0000-00-00 00:00:00', '0000-00-00 00:00:00'),
(43, 43, 1, NULL, '2017-06-07', 1, 1, 1, 1, '2017-11-03', NULL, NULL, NULL, NULL, 1, NULL, NULL, 1, 1, NULL, 'Hon. Carlito S. Zaplan', '0000-00-00 00:00:00', '0000-00-00 00:00:00'),
(44, 44, 1, 3, '2016-10-28', 1, 1, 2, 1, '2017-02-14', NULL, NULL, NULL, NULL, 1, 1, 0, 1, 1, NULL, 'Hon. Roberto  L. Arcinue', '0000-00-00 00:00:00', '0000-00-00 00:00:00'),
(45, 45, 1, NULL, '2017-06-07', NULL, NULL, NULL, 0, NULL, NULL, NULL, NULL, NULL, NULL, NULL, NULL, NULL, NULL, NULL, 'Hon. Martin Raul S. Sison II', '0000-00-00 00:00:00', '0000-00-00 00:00:00'),
(46, 46, 1, 3, '2016-10-28', 1, 1, 2, 1, '0000-00-00', '2017-01-11', 'PICK up @WAH Office', '2017-01-11', 'RHU STaff', 1, 1, 0, 0, 1, NULL, 'Hon.  Amadeo G. E. Perez IV', '0000-00-00 00:00:00', '0000-00-00 00:00:00'),
(47, 47, 1, 3, '2016-10-28', 1, 0, 2, NULL, NULL, NULL, NULL, NULL, NULL, 1, 1, 0, 0, 0, NULL, 'N/A', '0000-00-00 00:00:00', '0000-00-00 00:00:00'),
(48, 48, 1, 2, '2016-12-01', 1, 1, 2, 1, '2016-12-07', '2016-12-13', '149555816582', '2016-12-14', 'JAICO DICTAAN', 1, 1, 2, 1, 1, NULL, 'Hon. Mauricio G. Domogan', '0000-00-00 00:00:00', '0000-00-00 00:00:00'),
(49, 49, 1, 2, '2016-12-01', 1, 1, 2, 1, '2016-12-07', '2016-12-13', '149555816582', '2016-12-14', 'JAICO DICTAAN', 1, 1, 2, 1, 1, NULL, NULL, '0000-00-00 00:00:00', '0000-00-00 00:00:00'),
(50, 50, 1, 2, '2016-12-01', 1, 1, 2, 1, '2016-12-07', '2016-12-13', '149555816582', '2016-12-14', 'JAICO DICTAAN', 1, 1, 2, 1, 1, NULL, NULL, '0000-00-00 00:00:00', '0000-00-00 00:00:00'),
(51, 51, 1, 2, '2016-12-01', 1, 1, 2, 1, '2016-12-07', '2016-12-13', '149555816582', '2016-12-14', 'JAICO DICTAAN', 1, 1, 2, 1, 1, NULL, NULL, '0000-00-00 00:00:00', '0000-00-00 00:00:00'),
(52, 52, 1, 2, '2016-12-01', 1, 1, 2, 1, '2016-12-07', '2016-12-13', '149555816582', '2016-12-14', 'JAICO DICTAAN', 1, 1, 2, 1, 1, NULL, NULL, '0000-00-00 00:00:00', '0000-00-00 00:00:00'),
(53, 53, 1, 2, '2016-12-01', 1, 1, 2, 1, '2016-12-07', '2016-12-13', '149555816582', '2016-12-14', 'JAICO DICTAAN', 1, 1, 2, 1, 1, NULL, NULL, '0000-00-00 00:00:00', '0000-00-00 00:00:00'),
(54, 54, 1, 2, '2016-12-01', 1, 1, 2, 1, '2016-12-07', '2016-12-13', '149555816582', '2016-12-14', 'JAICO DICTAAN', 1, 1, 2, 1, 1, NULL, NULL, '0000-00-00 00:00:00', '0000-00-00 00:00:00'),
(55, 55, 1, 2, '2016-12-01', 1, 1, 2, 1, '2016-12-07', '2016-12-13', '149555816582', '2016-12-14', 'JAICO DICTAAN', 1, 1, 2, 1, 1, NULL, NULL, '0000-00-00 00:00:00', '0000-00-00 00:00:00'),
(56, 56, 1, 2, '2016-12-01', 1, 1, 2, 1, '2016-12-07', '2016-12-13', '149555816582', '2016-12-14', 'JAICO DICTAAN', 1, 1, 2, 1, 1, NULL, NULL, '0000-00-00 00:00:00', '0000-00-00 00:00:00'),
(57, 57, 1, 2, '2016-12-01', 1, 1, 2, 1, '2016-12-07', '2016-12-13', '149555816582', '2016-12-14', 'JAICO DICTAAN', 1, 1, 2, 1, 1, NULL, NULL, '0000-00-00 00:00:00', '0000-00-00 00:00:00'),
(58, 58, 1, 2, '2016-12-01', 1, 1, 2, 1, '2016-12-07', '2016-12-13', '149555816582', '2016-12-14', 'JAICO DICTAAN', 1, 1, 2, 1, 1, NULL, NULL, '0000-00-00 00:00:00', '0000-00-00 00:00:00'),
(59, 59, 1, 2, '2016-12-01', 1, 1, 2, 1, '2016-12-07', '2016-12-13', '149555816582', '2016-12-14', 'JAICO DICTAAN', 1, 1, 2, 1, 1, NULL, NULL, '0000-00-00 00:00:00', '0000-00-00 00:00:00'),
(60, 60, 1, 2, '2016-12-01', 1, 1, 2, 1, '2016-12-07', '2016-12-13', '149555816582', '2016-12-14', 'JAICO DICTAAN', 1, 1, 2, 1, 1, NULL, NULL, '0000-00-00 00:00:00', '0000-00-00 00:00:00'),
(61, 61, NULL, NULL, NULL, NULL, NULL, NULL, NULL, NULL, NULL, NULL, NULL, NULL, NULL, NULL, NULL, NULL, NULL, NULL, NULL, '0000-00-00 00:00:00', '0000-00-00 00:00:00'),
(62, 62, 1, 2, '2016-12-01', 1, 1, 2, 1, '2016-12-07', '2016-12-13', '149555816582', '2016-12-14', 'JAICO DICTAAN', 1, 1, 2, 1, 1, NULL, NULL, '0000-00-00 00:00:00', '0000-00-00 00:00:00'),
(63, 63, 1, 2, '2016-12-01', 1, 1, 2, 1, '2016-12-07', '2016-12-13', '149555816582', '2016-12-14', 'JAICO DICTAAN', 1, 1, 2, 1, 1, NULL, NULL, '0000-00-00 00:00:00', '0000-00-00 00:00:00'),
(64, 64, 0, NULL, NULL, NULL, NULL, NULL, NULL, NULL, NULL, NULL, NULL, NULL, NULL, NULL, NULL, NULL, NULL, NULL, 'N/A', '0000-00-00 00:00:00', '0000-00-00 00:00:00'),
(65, 65, NULL, NULL, NULL, NULL, NULL, NULL, NULL, NULL, NULL, NULL, NULL, NULL, NULL, NULL, NULL, NULL, NULL, NULL, NULL, '0000-00-00 00:00:00', '0000-00-00 00:00:00'),
(66, 66, 1, 3, NULL, 1, 1, 1, 1, '2017-06-02', NULL, NULL, NULL, NULL, NULL, NULL, NULL, NULL, NULL, NULL, NULL, '0000-00-00 00:00:00', '0000-00-00 00:00:00'),
(67, 67, 0, NULL, NULL, 0, 0, 0, 1, NULL, NULL, NULL, NULL, NULL, 0, 0, NULL, 0, 0, 0, NULL, '0000-00-00 00:00:00', '2018-03-27 22:13:07'),
(68, 68, 1, NULL, '2017-06-16', 1, 0, 2, 0, NULL, NULL, NULL, NULL, NULL, 1, 1, 1, 1, 1, NULL, 'Hon. Geronimo G. Cristobal Jr.', '0000-00-00 00:00:00', '0000-00-00 00:00:00'),
(69, 69, 1, NULL, '2017-06-16', 1, 0, 2, 0, NULL, NULL, NULL, NULL, NULL, 1, 1, 1, 1, 1, NULL, NULL, '0000-00-00 00:00:00', '0000-00-00 00:00:00'),
(70, 70, 1, NULL, '2017-06-16', 1, 0, 2, 0, NULL, NULL, NULL, NULL, NULL, 1, 1, 1, 1, 1, NULL, NULL, '0000-00-00 00:00:00', '0000-00-00 00:00:00'),
(71, 71, 1, 3, '2016-12-12', 1, 1, 2, 1, '2017-02-09', '2017-02-10', 'PICK up @WAH Office', '2017-02-10', 'MISS VICKY', 1, 1, 1, 1, 1, NULL, 'Hon. Florida P. Esteban', '0000-00-00 00:00:00', '0000-00-00 00:00:00'),
(72, 72, 1, 3, '2016-12-12', 1, 1, 2, 1, '2017-02-09', '2017-02-10', 'PICK up @WAH Office', '2017-02-10', 'MISS VICKY', 1, 1, 1, 1, 1, NULL, NULL, '0000-00-00 00:00:00', '0000-00-00 00:00:00'),
(73, 73, 1, 1, '2016-03-03', 1, 1, 1, 1, '2016-09-27', '2016-10-19', 'PICK UP @WAH Office', '2016-09-02', 'RHU Staff', 1, 1, 2, 1, 1, NULL, 'Hon. Betty B. Lacbayan', '0000-00-00 00:00:00', '0000-00-00 00:00:00'),
(74, 74, 1, 1, '2016-03-04', 1, 1, 1, 1, '2016-04-11', '2016-09-02', 'PICK UP @WAH Office', '2016-09-02', 'RHU Staff', 1, 1, 2, 1, 1, 1, 'Hon. Jose Antonio Feliciano', '0000-00-00 00:00:00', '0000-00-00 00:00:00'),
(75, 75, 1, 1, '2016-03-04', 1, 1, 1, 1, '2016-04-11', '2016-09-02', 'PICK UP @WAH Office', '2016-09-02', 'RHU Staff', 1, 1, 2, 1, 1, 1, NULL, '0000-00-00 00:00:00', '0000-00-00 00:00:00'),
(76, 76, 1, 1, '2016-03-01', 1, 1, 1, 1, '2016-06-13', '2016-09-02', 'PICK UP @WAH Office', '2016-09-02', 'RHU Staff', 1, 1, 2, 1, 1, NULL, 'Hon. Reynaldo L. Catacutan', '0000-00-00 00:00:00', '0000-00-00 00:00:00'),
(77, 77, 1, 1, '2016-03-01', 1, 1, 1, 1, '2016-06-13', '2016-09-02', 'PICK UP @WAH Office', '2016-09-02', 'RHU Staff', 1, 1, 2, 1, 1, NULL, NULL, '0000-00-00 00:00:00', '0000-00-00 00:00:00'),
(78, 78, 1, 1, '2016-03-01', 1, 1, 1, 1, '2016-06-13', '2016-09-02', 'PICK UP @WAH Office', '2016-09-02', 'RHU Staff', 1, 1, 2, 1, 1, NULL, NULL, '0000-00-00 00:00:00', '0000-00-00 00:00:00'),
(79, 79, 1, 2, '2016-03-02', 1, 1, 1, 1, '2017-03-20', '2017-03-20', 'SEND 1 Notarized Copy to WAH', '2017-03-20', 'RHU Staff', 1, 1, 2, 1, 1, 1, 'Hon. Maria Cristina C. Angeles', '0000-00-00 00:00:00', '0000-00-00 00:00:00'),
(80, 80, 1, 2, '2016-03-02', 1, 1, 1, 1, '2017-03-20', '2017-03-20', 'SEND 1 Notarized Copy to WAH', '2017-03-20', 'RHU Staff', 1, 1, 2, 1, 1, 1, NULL, '0000-00-00 00:00:00', '0000-00-00 00:00:00'),
(81, 81, 1, 2, '2016-03-02', 1, 1, 1, 1, '2017-03-20', '2017-03-20', 'SEND 1 Notarized Copy to WAH', '2017-03-20', 'RHU Staff', 1, 1, 2, 0, 0, 1, NULL, '0000-00-00 00:00:00', '0000-00-00 00:00:00'),
(82, 82, 1, 2, '2016-03-02', 1, 1, 1, 1, '2017-03-20', '2017-03-20', 'SEND 1 Notarized Copy to WAH', '2017-03-20', 'RHU Staff', 1, 1, 2, 1, 1, 1, NULL, '0000-00-00 00:00:00', '0000-00-00 00:00:00'),
(83, 83, 1, 2, '2016-03-02', 1, 1, 1, 1, '2017-03-20', '2017-03-20', 'SEND 1 Notarized Copy to WAH', '2017-03-20', 'RHU Staff', 1, 1, 2, 1, 1, 1, NULL, '0000-00-00 00:00:00', '0000-00-00 00:00:00'),
(84, 84, 1, 2, '2016-03-02', 1, 1, 1, 1, '2017-03-20', '2017-03-20', 'SEND 1 Notarized Copy to WAH', '2017-03-20', 'RHU Staff', 1, 1, 2, 1, 1, 1, NULL, '0000-00-00 00:00:00', '0000-00-00 00:00:00'),
(85, 85, 1, 2, '2016-03-02', 1, 1, 1, 1, '2017-03-20', '2017-03-20', 'SEND 1 Notarized Copy to WAH', '2017-03-20', 'RHU Staff', 1, 1, 2, 1, 1, 1, NULL, '0000-00-00 00:00:00', '0000-00-00 00:00:00'),
(86, 86, 1, 2, '2016-03-02', 1, 1, 1, 1, '2017-03-20', '2017-03-20', 'SEND 1 Notarized Copy to WAH', '2017-03-20', 'RHU Staff', 1, 1, 2, 1, 1, 1, NULL, '0000-00-00 00:00:00', '0000-00-00 00:00:00'),
(87, 87, 1, 2, '2016-03-02', 1, 1, 1, 1, '2017-03-20', '2017-03-20', 'SEND 1 Notarized Copy to WAH', '2017-03-20', 'RHU Staff', 1, 1, 2, 0, 0, 1, NULL, '0000-00-00 00:00:00', '0000-00-00 00:00:00'),
(88, 88, 1, 2, '2016-03-02', 1, 1, 1, 1, '2017-03-20', '2017-03-20', 'SEND 1 Notarized Copy to WAH', '2017-03-20', 'RHU Staff', 1, 1, 2, 1, 1, 1, NULL, '0000-00-00 00:00:00', '0000-00-00 00:00:00'),
(89, 89, 1, 1, '2016-03-01', 1, 1, 1, 1, '2016-12-27', '2017-01-03', 'PICK UP @WAH Office', '2016-09-02', 'RHU Staff', 1, 1, 2, 1, 1, NULL, 'Hon. Andres D. Lacson', '0000-00-00 00:00:00', '0000-00-00 00:00:00'),
(90, 90, 1, 1, '2016-03-01', 1, 1, 1, 1, '2016-12-27', '2017-01-03', 'PICK UP @WAH Office', '2016-09-02', 'RHU Staff', 1, 1, 2, 1, 1, NULL, NULL, '0000-00-00 00:00:00', '0000-00-00 00:00:00'),
(91, 91, 1, 1, '2016-03-01', 1, 1, 1, 1, '2016-12-27', '2017-01-03', 'PICK UP @WAH Office', '2016-09-02', 'RHU Staff', 1, 1, 2, 1, 1, NULL, NULL, '0000-00-00 00:00:00', '0000-00-00 00:00:00'),
(92, 92, 1, 1, '2016-02-22', 1, 1, 1, 1, '2016-03-14', '2016-09-02', 'PICK UP @WAH Office', '2016-09-02', 'RHU Staff', 1, 1, 2, 1, 1, NULL, 'Hon. Eloy C. Eclar', '0000-00-00 00:00:00', '0000-00-00 00:00:00'),
(93, 93, 1, 1, '2016-02-22', 1, 1, 1, 1, '2016-03-14', '2016-09-02', 'PICK UP @WAH Office', '2016-09-02', 'RHU Staff', 1, 1, 2, 1, 1, NULL, NULL, '0000-00-00 00:00:00', '0000-00-00 00:00:00'),
(94, 94, 1, 1, '2016-02-22', 1, 1, 1, 1, '2016-03-14', '2016-09-02', 'PICK UP @WAH Office', '2016-09-02', 'RHU Staff', 1, 1, 2, 0, 1, NULL, NULL, '0000-00-00 00:00:00', '0000-00-00 00:00:00'),
(95, 95, 1, 1, '2016-03-04', 1, 1, 1, 1, '2016-08-01', '2016-09-02', 'PICK UP @WAH Office', '2016-09-02', 'RHU Staff', 1, 1, 1, 1, 1, NULL, 'Hon. Michael M. Manuel', '0000-00-00 00:00:00', '0000-00-00 00:00:00'),
(96, 96, 1, 1, '2016-03-04', 1, 1, 1, 1, '2016-08-01', '2016-09-02', 'PICK UP @WAH Office', '2016-09-02', 'RHU Staff', 1, 1, 1, 1, 1, NULL, NULL, '0000-00-00 00:00:00', '0000-00-00 00:00:00'),
(97, 97, 1, 1, '2016-03-08', 1, 1, 1, 1, '2016-06-22', '2016-09-02', 'PICK UP @WAH Office', '2016-09-02', 'RHU Staff', 1, 1, 2, 1, 1, NULL, 'Hon. Iluminado E. Pobre Jr.', '0000-00-00 00:00:00', '0000-00-00 00:00:00'),
(98, 98, 1, 1, '2016-03-08', 1, 1, 1, 1, '2017-05-23', NULL, NULL, NULL, NULL, 1, NULL, NULL, 1, NULL, NULL, 'Hon. Estelita M. Aquino', '0000-00-00 00:00:00', '0000-00-00 00:00:00'),
(99, 99, 1, 1, '2016-03-08', 1, 0, 1, 1, '2017-05-23', NULL, NULL, NULL, NULL, 1, 1, 2, NULL, NULL, NULL, NULL, '0000-00-00 00:00:00', '0000-00-00 00:00:00'),
(100, 100, 1, 1, '2016-02-22', 1, 1, 1, 1, '2016-04-05', '2016-09-02', 'PICK UP @WAH Office', '2016-09-02', 'RHU Staff', 1, 1, 2, 1, 1, NULL, 'Hon. Leonardo M. Roxas', '0000-00-00 00:00:00', '0000-00-00 00:00:00'),
(101, 101, 1, 1, '2016-02-22', 1, 1, 1, 1, '2016-04-05', '2016-09-02', 'PICK UP @WAH Office', '2016-09-02', 'RHU Staff', 1, 1, 2, 1, 1, NULL, NULL, '0000-00-00 00:00:00', '0000-00-00 00:00:00'),
(102, 102, 1, 1, '2016-03-04', 1, 0, 1, 1, '2016-09-05', '2016-09-08', 'PICK UP @WAH Office', '2016-09-02', 'RHU Staff', 1, 1, 2, 1, 1, 1, 'Hon. Concepcion A. Zarate', '0000-00-00 00:00:00', '0000-00-00 00:00:00'),
(103, 103, 1, 1, '2016-03-04', 1, 1, 1, 1, '2016-06-29', '2016-09-02', 'PICK UP @WAH Office', '2016-09-02', 'RHU Staff', 1, 1, 2, 1, 1, NULL, 'Hon. Diosdado T. Reginaldo', '0000-00-00 00:00:00', '0000-00-00 00:00:00'),
(104, 104, 1, 1, '2016-03-04', 1, 1, 1, 1, '2016-04-04', '2016-09-02', 'PICK UP @WAH Office', '2016-09-02', 'RHU Staff', 1, 1, 2, 1, 1, NULL, 'Hon. Elma Rosete L. Macadamia', '0000-00-00 00:00:00', '0000-00-00 00:00:00'),
(105, 105, 1, 1, '2016-03-09', 1, 1, 1, 1, '2016-06-21', '2016-09-02', 'PICK UP @WAH Office', '2016-09-02', 'RHU Staff', 1, 1, 2, 1, 1, NULL, 'Hon. Jose A. Yap', '0000-00-00 00:00:00', '0000-00-00 00:00:00'),
(106, 106, 1, 1, '2016-03-03', 1, 0, 1, 0, NULL, NULL, NULL, NULL, NULL, 1, 1, 2, NULL, NULL, NULL, 'Hon. Benjamin D. Tesoro', '0000-00-00 00:00:00', '0000-00-00 00:00:00'),
(107, 107, 1, 1, '2016-03-08', 1, 1, 1, 1, '2016-10-21', '2016-10-21', 'PICK UP @WAH Office', '2016-09-02', 'RHU Staff', 1, 1, 2, 1, 1, NULL, 'Hon. Nora B. Modomo', '0000-00-00 00:00:00', '0000-00-00 00:00:00'),
(108, 108, 1, 1, '2016-03-04', 1, 0, 1, 1, '2017-01-18', '2017-01-18', 'PICK UP @WAH Office', '2016-09-02', 'RHU Staff', 1, 1, 2, 1, 1, NULL, 'Hon. Marvin T. Silao', '0000-00-00 00:00:00', '0000-00-00 00:00:00'),
(109, 109, 1, 1, '2016-03-04', 1, 0, 1, 1, '2017-01-18', '2017-01-18', 'PICK UP @WAH Office', '2016-09-02', 'RHU Staff', 1, 1, 2, 1, 1, NULL, NULL, '0000-00-00 00:00:00', '0000-00-00 00:00:00'),
(110, 110, NULL, NULL, NULL, NULL, NULL, NULL, NULL, NULL, NULL, NULL, NULL, NULL, NULL, NULL, NULL, NULL, NULL, NULL, NULL, '0000-00-00 00:00:00', '0000-00-00 00:00:00'),
(111, 111, 1, 1, '2016-04-04', 1, 1, 2, 1, '2016-04-11', NULL, NULL, NULL, NULL, 1, 1, 1, 1, NULL, NULL, 'Hon. Ronald I. Sana', '0000-00-00 00:00:00', '0000-00-00 00:00:00'),
(112, 112, 1, 3, '2016-11-07', 1, 1, 2, 1, '2016-01-17', '2017-01-25', '149554513804', '2017-01-26', 'MAMA ACBUAN', 1, 1, NULL, 1, NULL, NULL, 'Hon. Eduardo R. Tibay', '0000-00-00 00:00:00', '0000-00-00 00:00:00'),
(113, 113, NULL, NULL, NULL, NULL, NULL, NULL, NULL, NULL, NULL, NULL, NULL, NULL, NULL, NULL, NULL, NULL, NULL, NULL, NULL, '0000-00-00 00:00:00', '0000-00-00 00:00:00'),
(114, 114, 1, 3, '2017-04-24', 1, 1, 2, 1, '2017-04-27', '2017-04-27', NULL, NULL, NULL, NULL, NULL, NULL, NULL, NULL, NULL, 'Hon. Diana Abigail D. Aquino', '0000-00-00 00:00:00', '0000-00-00 00:00:00'),
(115, 115, 1, 4, '2017-02-06', 1, 1, 2, 1, '2017-02-10', '2017-02-15', 'PICK UP @Tiaong during TNA', '2017-02-15', 'RHU STaff', 1, NULL, NULL, 1, 1, NULL, 'Hon. Erick M. Wagan', '0000-00-00 00:00:00', '0000-00-00 00:00:00'),
(116, 116, 1, 5, '2017-03-09', 1, 1, 2, 1, '2017-08-03', '2017-08-09', NULL, NULL, NULL, 1, NULL, NULL, 1, 1, 1, 'Hon. MArcelo P. Gayeta', '0000-00-00 00:00:00', '0000-00-00 00:00:00'),
(117, 117, 1, 5, '2017-02-13', 1, 1, 2, 1, '2017-03-31', NULL, NULL, NULL, NULL, NULL, NULL, NULL, NULL, NULL, NULL, 'Hon. Ramon A. Preza', '0000-00-00 00:00:00', '0000-00-00 00:00:00'),
(118, 118, 1, 2, '2016-02-16', 1, 1, 2, 1, '2017-01-31', '2017-02-04', '139459408911', '2017-02-07', 'REFELYN BENEDITO', 1, 1, 2, NULL, NULL, NULL, 'Hon. Mary Jean Feliciano', '0000-00-00 00:00:00', '0000-00-00 00:00:00'),
(119, 119, 1, 2, '2016-02-15', 1, 1, 2, 1, '2017-02-03', '2017-02-09', '126472040411', '2017-02-13', 'LANCE CARLO TAGYAB', 1, 1, 2, 1, NULL, NULL, 'Hon. Lucena Demaala', '0000-00-00 00:00:00', '0000-00-00 00:00:00'),
(120, 120, 1, 2, '2016-10-10', 1, 1, 2, 1, '2017-01-05', '2017-01-23', '139480150840', '2017-01-24', 'JENNIFER PERALTA', 1, 1, NULL, 1, 1, NULL, 'Hon. Lucilo R. Bayron', '0000-00-00 00:00:00', '0000-00-00 00:00:00'),
(121, 121, 1, 2, '2016-02-12', 1, 1, 2, 1, '2017-02-03', '2017-02-09', '126472040421', '2017-02-11', 'LEO . SALVINO', 1, 1, 2, 1, 1, NULL, 'Hon. Maria Angela Sabando', '0000-00-00 00:00:00', '0000-00-00 00:00:00'),
(122, 122, 1, 1, '2016-02-04', 1, 1, 2, 1, '2017-02-12', '2017-02-12', '126471807414', '2017-02-13', 'WILLIE RADA', 1, 1, 0, 1, NULL, NULL, 'Hon. Nicasio M. Ramos', '0000-00-00 00:00:00', '0000-00-00 00:00:00'),
(123, 123, 1, 1, '2015-12-03', 1, 1, 2, 1, '2017-03-28', '2017-04-01', '139486799489', NULL, NULL, 1, 1, 0, NULL, NULL, NULL, 'Hon. Denisa Repizo', '0000-00-00 00:00:00', '0000-00-00 00:00:00'),
(124, 124, 1, 1, '2016-02-26', 1, 1, 2, 1, '2016-04-04', '2016-09-12', '149509673037', '2016-09-23', 'Ma Charlotte Macabenta', 1, 1, 0, 1, 1, NULL, 'Hon. Salem R. Tansingco', '0000-00-00 00:00:00', '0000-00-00 00:00:00'),
(125, 125, 1, 1, '2016-10-28', 1, 0, 2, 0, NULL, NULL, NULL, NULL, NULL, 1, 1, 2, NULL, NULL, NULL, 'N/A', '0000-00-00 00:00:00', '0000-00-00 00:00:00'),
(126, 126, 1, 1, '2016-03-03', 1, 0, 2, 0, NULL, NULL, NULL, NULL, NULL, 1, 1, 0, NULL, NULL, NULL, 'N/A', '0000-00-00 00:00:00', '0000-00-00 00:00:00'),
(127, 127, 1, 1, '2016-02-26', 1, 1, 2, 1, '2016-05-18', '2016-06-17', '126375579801', '2016-07-14', 'RIZA MISOLAS', 1, 1, 2, 1, 1, NULL, 'Hon. Fermin  Mabulo', '0000-00-00 00:00:00', '0000-00-00 00:00:00'),
(128, 128, 1, 1, '2016-02-29', 1, 1, 2, 1, '2016-04-13', '2016-04-14', '149289453106', '2016-04-23', 'JAVIER, HAIDEE', 1, 1, 0, 1, NULL, NULL, 'Hon. Ruel Tuy', '0000-00-00 00:00:00', '0000-00-00 00:00:00'),
(129, 129, 1, 1, '2016-02-26', 1, 1, 2, 1, '2016-04-13', '2016-04-14', '149289453106', '2016-04-23', 'JAVIER, HAIDEE', 1, 1, 0, 1, NULL, NULL, NULL, '0000-00-00 00:00:00', '0000-00-00 00:00:00'),
(130, 130, 1, 1, '2016-02-29', 1, 1, 2, 1, '2016-03-30', '2016-05-20', '126281737092', '2016-06-10', 'MALACASTE,OSCAR', 1, 1, 0, 1, 1, NULL, 'Hon. Felipe  Cabatana', '0000-00-00 00:00:00', '0000-00-00 00:00:00'),
(131, 131, 1, 1, '2016-02-29', 1, 0, 2, 0, NULL, NULL, NULL, NULL, NULL, 1, 1, 0, NULL, NULL, NULL, 'Hon. Kristine Salve Hao', '0000-00-00 00:00:00', '0000-00-00 00:00:00'),
(132, 132, NULL, NULL, NULL, NULL, NULL, NULL, 1, NULL, NULL, NULL, NULL, NULL, NULL, NULL, NULL, NULL, NULL, NULL, NULL, '0000-00-00 00:00:00', '0000-00-00 00:00:00'),
(133, 133, 1, 1, '2016-02-29', 1, 1, 2, 1, '2016-03-30', '2016-05-20', '126281737082', '2016-05-23', 'IRENE CALUCIN', 1, 1, 2, NULL, NULL, NULL, 'Hon. Rowena Tuason', '0000-00-00 00:00:00', '0000-00-00 00:00:00'),
(134, 134, 1, 1, '2016-03-09', 1, 1, 2, 1, '2017-01-24', '2017-01-27', 'ED302136888ZZ', '2017-01-31', 'Dr. Daza', 1, 1, 2, 1, NULL, NULL, 'Hon. Carolyn Sy-Reyes', '0000-00-00 00:00:00', '0000-00-00 00:00:00'),
(135, 135, 1, 1, '2016-03-08', 1, 0, 2, 0, NULL, NULL, NULL, NULL, NULL, 1, 1, 2, NULL, NULL, NULL, 'N/A', '0000-00-00 00:00:00', '0000-00-00 00:00:00'),
(136, 136, 1, 1, '2016-03-11', 1, 0, 2, 0, NULL, NULL, NULL, NULL, NULL, 1, 1, 2, NULL, NULL, NULL, 'N/A', '0000-00-00 00:00:00', '0000-00-00 00:00:00'),
(137, 137, 1, 1, '2016-03-08', 1, 1, 2, 1, '2016-04-25', '2016-08-01', '126385342047', '2016-08-21', 'LIAO, DEBORAH', 1, 1, 2, NULL, NULL, NULL, 'Hon. Henry Gomba', '0000-00-00 00:00:00', '0000-00-00 00:00:00'),
(138, 138, 1, 1, '2016-03-08', 1, 1, 2, 1, '2016-04-08', NULL, NULL, NULL, NULL, 1, 1, 0, NULL, NULL, NULL, 'Hon. Quintin Saludaga', '0000-00-00 00:00:00', '0000-00-00 00:00:00'),
(139, 139, 1, 1, '2016-03-10', 1, 1, 2, 1, '2016-04-13', NULL, NULL, NULL, NULL, 1, 1, 0, NULL, NULL, NULL, 'N/A', '0000-00-00 00:00:00', '0000-00-00 00:00:00'),
(140, 140, 1, 1, '2016-03-09', 1, 1, 2, 1, '2016-05-04', NULL, NULL, NULL, NULL, 1, 1, 2, NULL, NULL, NULL, 'Hon. Philip Astorga', '0000-00-00 00:00:00', '0000-00-00 00:00:00'),
(141, 141, 1, 1, '2016-03-08', 1, 0, 2, 0, NULL, NULL, NULL, NULL, NULL, 1, 1, 2, NULL, NULL, NULL, 'N/A', '0000-00-00 00:00:00', '0000-00-00 00:00:00'),
(142, 142, 1, 1, '2016-03-11', 1, 1, 2, 1, '2016-12-24', '2017-01-27', '149554513814', '2017-02-03', 'ILAGAN, KIRSTIN', 1, 1, 2, NULL, NULL, NULL, 'Hon. Melissa Dela Cruz', '0000-00-00 00:00:00', '0000-00-00 00:00:00'),
(143, 143, 1, 1, '2016-03-09', 1, 1, 2, 1, '2017-02-08', '2017-02-09', '126472040431', '2017-02-14', 'CARMELITA PONCE', 1, 1, 0, NULL, NULL, NULL, 'Hon. Renato Cabael', '0000-00-00 00:00:00', '0000-00-00 00:00:00'),
(144, 144, 1, 1, '2016-03-08', 1, 1, 2, 1, '2016-06-10', NULL, NULL, NULL, NULL, 1, 1, 2, NULL, NULL, NULL, 'Hon. Edgar Tan', '0000-00-00 00:00:00', '0000-00-00 00:00:00'),
(145, 145, 1, 1, '2016-03-11', 1, 0, 2, 0, NULL, NULL, NULL, NULL, NULL, 1, 1, 2, NULL, NULL, NULL, 'N/A', '0000-00-00 00:00:00', '0000-00-00 00:00:00'),
(146, 146, 1, 1, '2016-01-25', 1, 0, 2, 0, NULL, NULL, NULL, NULL, NULL, 1, 1, 2, NULL, NULL, NULL, 'Hon Antero Gaviola Sr.', '0000-00-00 00:00:00', '0000-00-00 00:00:00'),
(147, 147, 1, 1, '2016-01-25', 1, 1, 2, 1, '2016-02-24', NULL, NULL, NULL, NULL, 1, 1, 1, 1, NULL, NULL, 'Hon. Vicente F. Limpiado JR.', '0000-00-00 00:00:00', '0000-00-00 00:00:00'),
(148, 148, 1, 1, '2016-04-08', 1, 1, 2, 1, '2017-02-17', '2017-02-25', '126249149377', NULL, NULL, 1, 1, 0, NULL, NULL, NULL, 'Hon. Marilou Latorre', '0000-00-00 00:00:00', '0000-00-00 00:00:00'),
(149, 149, 1, 1, '2016-02-26', 1, 1, 2, 1, '2016-03-30', '2016-03-31', '149290760366', '2016-04-19', 'MA. CECILIA PERVANDOS/ FRIEND', 1, 1, 2, 1, 1, NULL, 'Hon. Onesimo L. Coma Jr.', '0000-00-00 00:00:00', '0000-00-00 00:00:00'),
(150, 150, 1, 1, '2016-02-26', 1, 1, 2, 1, '2016-03-30', NULL, NULL, NULL, NULL, 1, 1, 0, 1, NULL, NULL, 'Hon. Hermogenes B. Cordova', '0000-00-00 00:00:00', '0000-00-00 00:00:00'),
(151, 151, 1, 1, '2016-02-26', 1, 1, 2, 1, '2017-03-10', '2017-03-18', '139486798942', '2017-03-22', 'MARLON CAINGAY', 1, 1, 0, NULL, NULL, NULL, 'Hon. Felixberto C. Bolando', '0000-00-00 00:00:00', '0000-00-00 00:00:00'),
(152, 152, 0, NULL, NULL, 0, 0, 2, 0, NULL, NULL, NULL, NULL, NULL, 1, 0, 0, NULL, NULL, NULL, 'N/A', '0000-00-00 00:00:00', '0000-00-00 00:00:00'),
(153, 153, 1, 1, '2016-03-03', 1, 1, 2, 1, '2016-03-30', NULL, NULL, NULL, NULL, 1, 1, 0, 1, 1, 1, 'Hon. Augustines Magsalay', '0000-00-00 00:00:00', '0000-00-00 00:00:00'),
(154, 154, 1, 1, '2016-02-26', 1, 1, 2, 1, '2017-03-09', '2017-03-18', '139486798952', '2017-03-21', 'ALBEACITA RUSIANA', 1, 1, 2, NULL, NULL, NULL, 'Hon. Nilo Florentino Z. Sy', '0000-00-00 00:00:00', '0000-00-00 00:00:00'),
(155, 155, 1, 1, '2015-12-04', 1, 1, 2, 1, '2016-05-23', '2016-05-24', '139483923271', '2016-05-24', 'DUBRICO, GRETCHEN,', 1, 1, 0, 1, 1, NULL, 'Hon. Leonardo L. Babasa Jr.', '0000-00-00 00:00:00', '0000-00-00 00:00:00'),
(156, 156, 0, NULL, NULL, 0, 0, 2, 0, NULL, NULL, NULL, NULL, NULL, 1, 0, 0, NULL, NULL, NULL, 'N/A', '0000-00-00 00:00:00', '0000-00-00 00:00:00'),
(157, 157, 1, 1, '2015-12-03', 1, 1, 2, 1, '2016-02-15', NULL, NULL, NULL, NULL, 1, 1, 1, 1, 1, NULL, 'Hon. Joel B. Sulong', '0000-00-00 00:00:00', '0000-00-00 00:00:00'),
(158, 158, 1, 3, '2016-11-21', 1, 1, 2, 1, '2017-03-31', NULL, NULL, NULL, NULL, NULL, 1, 1, 1, 1, NULL, 'Hon. Roy E. Encallado', '0000-00-00 00:00:00', '0000-00-00 00:00:00'),
(159, 159, 1, 1, '2016-03-03', 1, 1, 2, 1, '2016-06-06', NULL, NULL, NULL, NULL, 1, 1, 0, NULL, NULL, NULL, 'Hon. Richard M. Garban', '0000-00-00 00:00:00', '0000-00-00 00:00:00'),
(160, 160, 1, 1, '2016-02-26', 1, 1, 2, 1, '2016-05-04', '2016-05-20', '126281737072', '2016-05-24', 'ALO,DEVIGLEM', 1, 1, 0, 1, 1, NULL, 'Hon. Angelito L. Martinez II', '0000-00-00 00:00:00', '0000-00-00 00:00:00'),
(161, 161, 1, 1, '2015-05-25', 1, 1, 2, 1, '2015-12-12', '2015-12-30', '126211172406', '2016-01-07', 'HERMERALDO CATUBIG', 1, 1, 0, 1, 1, NULL, 'Hon. Danilo A. Taucan', '0000-00-00 00:00:00', '0000-00-00 00:00:00'),
(162, 162, 1, 1, '2016-02-26', 1, 1, 2, 1, '2016-04-13', NULL, NULL, NULL, NULL, 1, 1, 0, NULL, NULL, NULL, 'Dr. Protacio L. Aleman, MAGD', '0000-00-00 00:00:00', '0000-00-00 00:00:00'),
(163, 163, 1, 1, '2016-02-26', 1, 1, 2, 0, NULL, NULL, NULL, NULL, NULL, 1, 1, 0, NULL, NULL, NULL, 'Hon. Merlinda P. Maata', '0000-00-00 00:00:00', '0000-00-00 00:00:00'),
(164, 164, 1, 1, '2016-02-26', 1, 1, 2, 1, '2017-01-24', '2017-01-26', '139476722283', '2017-01-28', 'SARAH JANTICA', 1, 1, 0, NULL, NULL, NULL, 'Hon. Roselyn Silva', '0000-00-00 00:00:00', '0000-00-00 00:00:00'),
(165, 165, 1, 1, '2016-02-26', 1, 1, 2, 1, '2017-02-01', '2017-02-04', '139459000000', '2017-02-06', 'JOVIE MARTIR', 1, 1, 0, NULL, NULL, NULL, 'Hon. Anamel C. Olegario', '0000-00-00 00:00:00', '0000-00-00 00:00:00'),
(166, 166, 1, 1, '2016-02-29', 1, 1, 2, 1, '2017-01-23', '2017-01-26', '139476722273', '2017-01-27', 'DELEON WARLITO', 1, 1, 0, 1, NULL, NULL, 'Hon. Rino O. Delos Reyes', '0000-00-00 00:00:00', '0000-00-00 00:00:00'),
(167, 167, 1, 1, '2016-03-10', 1, 1, 2, 1, '2016-05-02', NULL, NULL, NULL, NULL, 1, 1, 0, 1, 1, NULL, 'Hon. Michael A. Piodena', '0000-00-00 00:00:00', '0000-00-00 00:00:00'),
(168, 168, 0, 3, '2017-01-10', 1, 1, 2, 1, '2017-01-23', '2017-01-26', '139476722273', '2017-01-27', 'DELEON WARLITO', 0, 0, 0, NULL, NULL, NULL, 'Hon. Leonardo B. Talania', '0000-00-00 00:00:00', '0000-00-00 00:00:00'),
(169, 169, 1, 1, '2016-02-26', 1, 0, 2, 0, NULL, NULL, NULL, NULL, NULL, 1, 1, 0, 0, 0, NULL, 'N/A', '0000-00-00 00:00:00', '0000-00-00 00:00:00'),
(170, 170, 1, 1, '2016-03-09', 1, 0, 2, 0, NULL, NULL, NULL, NULL, NULL, 1, 1, 2, 0, 0, NULL, 'N/A', '0000-00-00 00:00:00', '0000-00-00 00:00:00'),
(171, 171, 1, 1, '2016-03-08', 1, 0, 2, 0, NULL, NULL, NULL, NULL, NULL, 1, 1, 0, NULL, NULL, NULL, 'N/A', '0000-00-00 00:00:00', '0000-00-00 00:00:00'),
(172, 172, 1, 1, '2016-03-11', 1, 1, 2, 1, '2016-08-24', '2016-09-12', '149509672973', '2016-09-20', 'Eufronio Longos', 1, 1, 2, 1, 1, NULL, 'Hon. Alfredo M. Corro III', '0000-00-00 00:00:00', '0000-00-00 00:00:00'),
(173, 173, 1, 1, '2016-03-11', 1, 0, 1, 0, NULL, NULL, NULL, NULL, NULL, 1, 1, 0, 0, 0, NULL, 'N/A', '0000-00-00 00:00:00', '0000-00-00 00:00:00'),
(174, 174, 1, 1, '2016-03-11', 1, 0, 1, 1, '2017-08-02', '2017-08-07', '139486577450', NULL, NULL, 1, 1, 0, 1, 1, NULL, 'Hon. William M. Angos', '0000-00-00 00:00:00', '0000-00-00 00:00:00'),
(175, 175, 1, 1, '2016-03-11', 1, 1, 1, 1, '2016-08-08', '2016-08-09', '149509781447', '2016-08-11', 'MINERVA GELI', 1, 1, 2, 1, 1, NULL, 'Hon. Shem G. Garay', '0000-00-00 00:00:00', '0000-00-00 00:00:00'),
(176, 176, 1, 1, '2016-03-11', 1, 0, 1, 0, NULL, NULL, NULL, NULL, NULL, 1, 1, 2, 1, 1, NULL, 'Hon. Alexander T. Pimentel', '0000-00-00 00:00:00', '0000-00-00 00:00:00'),
(177, 177, 0, NULL, NULL, 0, 0, 0, 0, NULL, NULL, NULL, NULL, NULL, 1, 0, 0, NULL, NULL, NULL, 'N/A', '0000-00-00 00:00:00', '0000-00-00 00:00:00'),
(178, 178, 1, 1, '2016-03-11', 1, NULL, NULL, 0, NULL, NULL, NULL, NULL, NULL, 1, 1, NULL, NULL, NULL, NULL, NULL, '0000-00-00 00:00:00', '0000-00-00 00:00:00'),
(179, 179, 1, 1, '2016-03-10', 1, 0, 2, 0, NULL, NULL, NULL, NULL, NULL, 1, 1, 0, 1, 1, NULL, NULL, '0000-00-00 00:00:00', '0000-00-00 00:00:00'),
(180, 180, NULL, NULL, NULL, NULL, NULL, NULL, NULL, NULL, NULL, NULL, NULL, NULL, NULL, NULL, NULL, NULL, NULL, NULL, NULL, '2018-03-13 23:12:01', '2018-03-13 23:12:01'),
(183, 183, NULL, NULL, NULL, NULL, NULL, NULL, NULL, NULL, NULL, NULL, NULL, NULL, NULL, NULL, NULL, NULL, NULL, NULL, NULL, '2018-03-13 23:13:51', '2018-03-13 23:13:51');

-- --------------------------------------------------------

--
-- Table structure for table `migrations`
--

CREATE TABLE `migrations` (
  `id` int(10) UNSIGNED NOT NULL,
  `migration` varchar(191) COLLATE utf8mb4_unicode_ci NOT NULL,
  `batch` int(11) NOT NULL
) ENGINE=InnoDB DEFAULT CHARSET=utf8mb4 COLLATE=utf8mb4_unicode_ci;

--
-- Dumping data for table `migrations`
--

INSERT INTO `migrations` (`id`, `migration`, `batch`) VALUES
(1, '2014_10_12_000000_create_users_table', 1),
(2, '2014_10_12_100000_create_password_resets_table', 1),
(3, '2018_01_15_145136_create_facilities_table', 1),
(4, '2018_01_15_152738_create_facility_statuses_table', 1),
(5, '2018_01_15_155524_create_facility_types_table', 1),
(6, '2018_01_15_162131_create_demographies_table', 1),
(7, '2018_01_15_164550_create_trainings_table', 1),
(8, '2018_01_15_170649_create_technicals_table', 1),
(9, '2018_01_15_172501_create_server_versions_table', 1),
(10, '2018_01_15_174108_create_stats_table', 1),
(11, '2018_01_15_182752_create_finances_table', 1),
(12, '2018_01_15_184603_create_legals_table', 1),
(13, '2018_01_16_102931_create_user_types_table', 1),
(14, '2018_01_16_103753_create_user_permission_sets_table', 1),
(16, '2018_01_23_033245_create_reports_table', 2),
(19, '2018_01_23_064853_add_report_field_to_user_permission_sets_table_and_make_all_fields_nullable', 3),
(20, '2018_01_30_020824_create_smf_years_table', 4),
(21, '2018_01_30_054714_add_point_person_field_to_stats_table', 5),
(22, '2018_01_30_073119_add_point_person_field_to_reports_table', 6),
(23, '2018_02_02_003953_create_training_modules_table', 7),
(28, '2018_02_02_101016_create_invoices_table', 8),
(29, '2018_02_03_082406_add_invoice_field_to_user_permission_sets_table', 9);

-- --------------------------------------------------------

--
-- Table structure for table `password_resets`
--

CREATE TABLE `password_resets` (
  `email` varchar(191) COLLATE utf8mb4_unicode_ci NOT NULL,
  `token` varchar(191) COLLATE utf8mb4_unicode_ci NOT NULL,
  `created_at` timestamp NULL DEFAULT NULL
) ENGINE=InnoDB DEFAULT CHARSET=utf8mb4 COLLATE=utf8mb4_unicode_ci;

--
-- Dumping data for table `password_resets`
--

INSERT INTO `password_resets` (`email`, `token`, `created_at`) VALUES
('siong.esteban@gmail.com', '$2y$10$QN1SK8Ak4MagWgRkupuWI.EP5cRfAK0UgSnYlQqTVeNIsqgG64u32', '2018-01-27 02:27:53'),
('siong.esteban@yahoo.com', '$2y$10$kP3LyfT4VwmrtND7stJG4.Qwp3YcPz3kdPtVlpzD9L0jhsl8mEx4O', '2018-01-27 04:13:58');

-- --------------------------------------------------------

--
-- Table structure for table `reports`
--

CREATE TABLE `reports` (
  `id` int(10) UNSIGNED NOT NULL,
  `facility_id` int(11) NOT NULL,
  `due_date` date DEFAULT NULL,
  `status` varchar(191) COLLATE utf8mb4_unicode_ci DEFAULT NULL,
  `date_sent` date DEFAULT NULL,
  `point_person_id` int(11) DEFAULT NULL,
  `remark` varchar(191) COLLATE utf8mb4_unicode_ci DEFAULT NULL,
  `created_at` timestamp NULL DEFAULT NULL,
  `updated_at` timestamp NULL DEFAULT NULL
) ENGINE=InnoDB DEFAULT CHARSET=utf8mb4 COLLATE=utf8mb4_unicode_ci;

--
-- Dumping data for table `reports`
--

INSERT INTO `reports` (`id`, `facility_id`, `due_date`, `status`, `date_sent`, `point_person_id`, `remark`, `created_at`, `updated_at`) VALUES
(1, 1, '2019-01-01', 'NA', NULL, NULL, 'DELISTED', '0000-00-00 00:00:00', '0000-00-00 00:00:00'),
(2, 2, '2017-07-08', 'S', '2016-06-15', 15, NULL, '0000-00-00 00:00:00', '0000-00-00 00:00:00'),
(3, 3, '2017-08-06', 'S', '2016-06-15', 15, NULL, '0000-00-00 00:00:00', '0000-00-00 00:00:00'),
(4, 4, '2017-11-17', NULL, NULL, 15, NULL, '0000-00-00 00:00:00', '0000-00-00 00:00:00'),
(5, 5, '2017-03-31', 'S', '2016-03-31', 15, NULL, '0000-00-00 00:00:00', '0000-00-00 00:00:00'),
(6, 6, '2017-10-31', 'S', '2016-06-15', 15, NULL, '0000-00-00 00:00:00', '0000-00-00 00:00:00'),
(7, 7, '2017-03-31', 'S', '2016-03-28', 15, NULL, '0000-00-00 00:00:00', '0000-00-00 00:00:00'),
(8, 8, '2017-03-31', 'S', '2016-03-28', 15, NULL, '0000-00-00 00:00:00', '0000-00-00 00:00:00'),
(9, 9, '2017-02-28', 'NA', NULL, 15, NULL, '0000-00-00 00:00:00', '0000-00-00 00:00:00'),
(10, 10, '2017-09-03', 'S', '2016-06-15', 15, NULL, '0000-00-00 00:00:00', '0000-00-00 00:00:00'),
(11, 11, '2017-03-31', 'S', '2016-03-28', 15, NULL, '0000-00-00 00:00:00', '0000-00-00 00:00:00'),
(12, 12, '2017-09-01', 'NA', NULL, 15, NULL, '0000-00-00 00:00:00', '0000-00-00 00:00:00'),
(13, 13, '2017-03-31', 'S', '2016-03-28', 15, NULL, '0000-00-00 00:00:00', '0000-00-00 00:00:00'),
(14, 14, '2017-12-31', NULL, NULL, 15, NULL, '0000-00-00 00:00:00', '0000-00-00 00:00:00'),
(15, 15, '2017-03-31', 'S', '2016-03-28', 15, NULL, '0000-00-00 00:00:00', '0000-00-00 00:00:00'),
(16, 16, '2017-02-28', 'NA', NULL, 15, NULL, '0000-00-00 00:00:00', '0000-00-00 00:00:00'),
(17, 17, '2017-05-31', 'NA', NULL, 15, NULL, '0000-00-00 00:00:00', '0000-00-00 00:00:00'),
(18, 18, NULL, 'NA', NULL, 15, 'NEW Site', '0000-00-00 00:00:00', '0000-00-00 00:00:00'),
(19, 19, '2017-12-31', NULL, NULL, 15, NULL, '0000-00-00 00:00:00', '0000-00-00 00:00:00'),
(20, 20, '2017-03-31', 'NA', NULL, 15, NULL, '0000-00-00 00:00:00', '0000-00-00 00:00:00'),
(21, 21, '2017-03-31', 'S', '2016-06-09', 16, NULL, '0000-00-00 00:00:00', '0000-00-00 00:00:00'),
(22, 22, NULL, NULL, NULL, 16, NULL, '0000-00-00 00:00:00', '0000-00-00 00:00:00'),
(23, 23, NULL, NULL, NULL, 16, NULL, '0000-00-00 00:00:00', '0000-00-00 00:00:00'),
(24, 24, '2017-03-31', 'FA', NULL, 16, NULL, '0000-00-00 00:00:00', '0000-00-00 00:00:00'),
(25, 25, '2017-03-31', 'FA', NULL, 16, NULL, '0000-00-00 00:00:00', '0000-00-00 00:00:00'),
(26, 26, '2017-04-30', 'FA', NULL, 16, NULL, '0000-00-00 00:00:00', '0000-00-00 00:00:00'),
(27, 27, '2017-05-31', 'FA', NULL, 16, NULL, '0000-00-00 00:00:00', '0000-00-00 00:00:00'),
(28, 28, NULL, NULL, NULL, NULL, NULL, '0000-00-00 00:00:00', '0000-00-00 00:00:00'),
(29, 29, NULL, NULL, NULL, 16, NULL, '0000-00-00 00:00:00', '0000-00-00 00:00:00'),
(30, 30, '2017-11-30', NULL, NULL, 16, NULL, '0000-00-00 00:00:00', '0000-00-00 00:00:00'),
(31, 31, NULL, NULL, NULL, 16, NULL, '0000-00-00 00:00:00', '0000-00-00 00:00:00'),
(32, 32, NULL, NULL, NULL, 16, NULL, '0000-00-00 00:00:00', '0000-00-00 00:00:00'),
(33, 33, '2017-03-31', 'FA', NULL, 16, NULL, '0000-00-00 00:00:00', '0000-00-00 00:00:00'),
(34, 34, '2017-03-31', 'FA', NULL, 16, NULL, '0000-00-00 00:00:00', '0000-00-00 00:00:00'),
(35, 35, '2017-03-31', 'FA', NULL, 16, NULL, '0000-00-00 00:00:00', '0000-00-00 00:00:00'),
(36, 36, '2017-03-31', 'FA', NULL, 16, NULL, '0000-00-00 00:00:00', '0000-00-00 00:00:00'),
(37, 37, NULL, NULL, NULL, NULL, NULL, '0000-00-00 00:00:00', '0000-00-00 00:00:00'),
(38, 38, '2017-03-31', 'FA', NULL, 16, NULL, '0000-00-00 00:00:00', '0000-00-00 00:00:00'),
(39, 39, NULL, NULL, NULL, 16, NULL, '0000-00-00 00:00:00', '0000-00-00 00:00:00'),
(40, 40, NULL, NULL, NULL, 16, NULL, '0000-00-00 00:00:00', '0000-00-00 00:00:00'),
(41, 41, '2017-05-31', 'FA', NULL, 16, NULL, '0000-00-00 00:00:00', '0000-00-00 00:00:00'),
(42, 42, NULL, NULL, NULL, 16, NULL, '0000-00-00 00:00:00', '0000-00-00 00:00:00'),
(43, 43, NULL, NULL, NULL, 16, NULL, '0000-00-00 00:00:00', '0000-00-00 00:00:00'),
(44, 44, '2017-08-31', 'FA', NULL, 16, NULL, '0000-00-00 00:00:00', '0000-00-00 00:00:00'),
(45, 45, NULL, NULL, NULL, 16, NULL, '0000-00-00 00:00:00', '0000-00-00 00:00:00'),
(46, 46, '2017-05-31', 'FA', NULL, 16, NULL, '0000-00-00 00:00:00', '0000-00-00 00:00:00'),
(47, 47, '2017-04-30', 'FA', NULL, 12, NULL, '0000-00-00 00:00:00', '0000-00-00 00:00:00'),
(48, 48, '2017-03-31', 'FA', NULL, 12, NULL, '0000-00-00 00:00:00', '0000-00-00 00:00:00'),
(49, 49, '2017-03-31', 'FA', NULL, 12, NULL, '0000-00-00 00:00:00', '0000-00-00 00:00:00'),
(50, 50, '2017-03-31', 'FA', NULL, 12, NULL, '0000-00-00 00:00:00', '0000-00-00 00:00:00'),
(51, 51, '2017-03-31', 'FA', NULL, 12, NULL, '0000-00-00 00:00:00', '0000-00-00 00:00:00'),
(52, 52, '2017-03-31', 'FA', NULL, 12, NULL, '0000-00-00 00:00:00', '0000-00-00 00:00:00'),
(53, 53, '2017-03-31', 'FA', NULL, 12, NULL, '0000-00-00 00:00:00', '0000-00-00 00:00:00'),
(54, 54, '2017-03-31', 'FA', NULL, 12, NULL, '0000-00-00 00:00:00', '0000-00-00 00:00:00'),
(55, 55, '2017-03-31', 'FA', NULL, 12, NULL, '0000-00-00 00:00:00', '0000-00-00 00:00:00'),
(56, 56, '2017-03-31', 'FA', NULL, 12, NULL, '0000-00-00 00:00:00', '0000-00-00 00:00:00'),
(57, 57, '2017-03-31', 'FA', NULL, 12, NULL, '0000-00-00 00:00:00', '0000-00-00 00:00:00'),
(58, 58, '2017-03-31', 'FA', NULL, 12, NULL, '0000-00-00 00:00:00', '0000-00-00 00:00:00'),
(59, 59, NULL, NULL, NULL, 12, NULL, '0000-00-00 00:00:00', '0000-00-00 00:00:00'),
(60, 60, '2017-03-31', 'FA', NULL, 12, NULL, '0000-00-00 00:00:00', '0000-00-00 00:00:00'),
(61, 61, NULL, NULL, NULL, NULL, NULL, '0000-00-00 00:00:00', '0000-00-00 00:00:00'),
(62, 62, '2017-03-31', 'FA', NULL, 12, NULL, '0000-00-00 00:00:00', '0000-00-00 00:00:00'),
(63, 63, '2017-03-31', 'FA', NULL, 12, NULL, '0000-00-00 00:00:00', '0000-00-00 00:00:00'),
(64, 64, '2019-01-01', 'NA', NULL, 18, 'DELISTED', '0000-00-00 00:00:00', '0000-00-00 00:00:00'),
(65, 65, NULL, NULL, NULL, NULL, NULL, '0000-00-00 00:00:00', '0000-00-00 00:00:00'),
(66, 66, NULL, NULL, NULL, 15, NULL, '0000-00-00 00:00:00', '0000-00-00 00:00:00'),
(67, 67, NULL, NULL, NULL, NULL, NULL, '0000-00-00 00:00:00', '0000-00-00 00:00:00'),
(68, 68, NULL, NULL, NULL, 13, NULL, '0000-00-00 00:00:00', '0000-00-00 00:00:00'),
(69, 69, NULL, NULL, NULL, 13, NULL, '0000-00-00 00:00:00', '0000-00-00 00:00:00'),
(70, 70, NULL, NULL, NULL, 13, NULL, '0000-00-00 00:00:00', '0000-00-00 00:00:00'),
(71, 71, '2017-12-31', NULL, NULL, 12, 'NEW SITE', '0000-00-00 00:00:00', '0000-00-00 00:00:00'),
(72, 72, '2017-12-31', NULL, NULL, 12, 'NEW SITE', '0000-00-00 00:00:00', '0000-00-00 00:00:00'),
(73, 73, '2017-03-31', 'S', '2016-06-16', 16, NULL, '0000-00-00 00:00:00', '0000-00-00 00:00:00'),
(74, 74, '2017-03-31', 'S', '2016-06-21', 16, NULL, '0000-00-00 00:00:00', '0000-00-00 00:00:00'),
(75, 75, '2017-03-31', 'S', '2016-06-21', 16, NULL, '0000-00-00 00:00:00', '0000-00-00 00:00:00'),
(76, 76, '2017-03-31', 'S', '2016-06-21', 16, NULL, '0000-00-00 00:00:00', '0000-00-00 00:00:00'),
(77, 77, '2017-03-31', 'S', '2016-06-21', 16, NULL, '0000-00-00 00:00:00', '0000-00-00 00:00:00'),
(78, 78, '2017-03-31', 'S', '2016-06-21', 16, NULL, '0000-00-00 00:00:00', '0000-00-00 00:00:00'),
(79, 79, '2017-03-31', 'S', '2016-06-02', 16, NULL, '0000-00-00 00:00:00', '0000-00-00 00:00:00'),
(80, 80, '2017-03-31', 'S', '2016-06-02', 16, NULL, '0000-00-00 00:00:00', '0000-00-00 00:00:00'),
(81, 81, '2017-03-31', 'S', '2016-06-02', 16, NULL, '0000-00-00 00:00:00', '0000-00-00 00:00:00'),
(82, 82, '2017-03-31', 'S', '2016-06-02', 16, NULL, '0000-00-00 00:00:00', '0000-00-00 00:00:00'),
(83, 83, '2017-03-31', 'S', '2016-06-02', 16, NULL, '0000-00-00 00:00:00', '0000-00-00 00:00:00'),
(84, 84, '2017-03-31', 'S', '2016-06-02', 16, NULL, '0000-00-00 00:00:00', '0000-00-00 00:00:00'),
(85, 85, '2017-03-31', 'S', '2016-06-02', 16, NULL, '0000-00-00 00:00:00', '0000-00-00 00:00:00'),
(86, 86, '2017-03-31', 'S', '2016-06-02', 16, NULL, '0000-00-00 00:00:00', '0000-00-00 00:00:00'),
(87, 87, '2017-03-31', 'S', '2016-06-02', 16, NULL, '0000-00-00 00:00:00', '0000-00-00 00:00:00'),
(88, 88, '2017-03-31', 'S', '2016-06-02', 16, NULL, '0000-00-00 00:00:00', '0000-00-00 00:00:00'),
(89, 89, '2017-03-31', 'FA', NULL, 16, NULL, '0000-00-00 00:00:00', '0000-00-00 00:00:00'),
(90, 90, '2017-03-31', 'FA', NULL, 16, NULL, '0000-00-00 00:00:00', '0000-00-00 00:00:00'),
(91, 91, '2017-03-31', 'FA', NULL, 16, NULL, '0000-00-00 00:00:00', '0000-00-00 00:00:00'),
(92, 92, '2017-03-31', 'S', '2016-06-16', 16, NULL, '0000-00-00 00:00:00', '0000-00-00 00:00:00'),
(93, 93, '2017-03-31', 'S', '2016-06-16', 16, NULL, '0000-00-00 00:00:00', '0000-00-00 00:00:00'),
(94, 94, '2017-03-31', 'S', '2016-06-16', 16, NULL, '0000-00-00 00:00:00', '0000-00-00 00:00:00'),
(95, 95, '2017-03-31', 'S', '2016-06-16', 16, NULL, '0000-00-00 00:00:00', '0000-00-00 00:00:00'),
(96, 96, '2017-03-31', 'S', '2016-06-16', 16, NULL, '0000-00-00 00:00:00', '0000-00-00 00:00:00'),
(97, 97, '2017-03-31', 'S', '2016-06-16', 16, NULL, '0000-00-00 00:00:00', '0000-00-00 00:00:00'),
(98, 98, NULL, NULL, NULL, 16, NULL, '0000-00-00 00:00:00', '0000-00-00 00:00:00'),
(99, 99, '2017-03-31', 'S', '2016-06-16', 16, NULL, '0000-00-00 00:00:00', '0000-00-00 00:00:00'),
(100, 100, '2017-03-31', 'S', '2016-06-16', 16, NULL, '0000-00-00 00:00:00', '0000-00-00 00:00:00'),
(101, 101, '2017-03-31', 'S', '2016-06-16', 16, NULL, '0000-00-00 00:00:00', '0000-00-00 00:00:00'),
(102, 102, '2017-03-31', 'S', '2016-06-16', 16, NULL, '0000-00-00 00:00:00', '0000-00-00 00:00:00'),
(103, 103, '2017-03-31', 'S', '2016-06-16', 16, NULL, '0000-00-00 00:00:00', '0000-00-00 00:00:00'),
(104, 104, '2017-03-31', 'S', '2016-06-16', 16, NULL, '0000-00-00 00:00:00', '0000-00-00 00:00:00'),
(105, 105, '2017-03-31', 'A', NULL, 16, NULL, '0000-00-00 00:00:00', '0000-00-00 00:00:00'),
(106, 106, '2017-03-31', 'S', '2016-06-21', 16, NULL, '0000-00-00 00:00:00', '0000-00-00 00:00:00'),
(107, 107, '2017-03-31', 'S', '2016-06-16', 16, NULL, '0000-00-00 00:00:00', '0000-00-00 00:00:00'),
(108, 108, '2017-03-31', 'S', '2016-06-16', 16, NULL, '0000-00-00 00:00:00', '0000-00-00 00:00:00'),
(109, 109, '2017-03-31', 'S', '2016-06-16', 16, NULL, '0000-00-00 00:00:00', '0000-00-00 00:00:00'),
(110, 110, NULL, NULL, NULL, NULL, NULL, '0000-00-00 00:00:00', '0000-00-00 00:00:00'),
(111, 111, '2017-05-31', 'NA', '2016-06-03', 13, NULL, '0000-00-00 00:00:00', '0000-00-00 00:00:00'),
(112, 112, '2017-12-31', NULL, NULL, 13, 'NEW SITE', '0000-00-00 00:00:00', '0000-00-00 00:00:00'),
(113, 113, NULL, NULL, NULL, NULL, NULL, '0000-00-00 00:00:00', '0000-00-00 00:00:00'),
(114, 114, NULL, NULL, NULL, 11, NULL, '0000-00-00 00:00:00', '0000-00-00 00:00:00'),
(115, 115, NULL, NULL, NULL, 11, NULL, '0000-00-00 00:00:00', '0000-00-00 00:00:00'),
(116, 116, NULL, NULL, NULL, 13, NULL, '0000-00-00 00:00:00', '0000-00-00 00:00:00'),
(117, 117, NULL, NULL, NULL, 13, NULL, '0000-00-00 00:00:00', '0000-00-00 00:00:00'),
(118, 118, '2017-03-31', 'A', NULL, 11, '16', '0000-00-00 00:00:00', '0000-00-00 00:00:00'),
(119, 119, '2017-03-31', 'A', NULL, 11, '16', '0000-00-00 00:00:00', '0000-00-00 00:00:00'),
(120, 120, '2017-11-30', NULL, NULL, 11, '16', '0000-00-00 00:00:00', '0000-00-00 00:00:00'),
(121, 121, '2017-03-31', 'NA', NULL, 11, '16', '0000-00-00 00:00:00', '0000-00-00 00:00:00'),
(122, 122, '2017-03-31', 'S', '2016-06-10', 11, NULL, '0000-00-00 00:00:00', '0000-00-00 00:00:00'),
(123, 123, '2017-03-31', 'S', '2016-06-17', 11, NULL, '0000-00-00 00:00:00', '0000-00-00 00:00:00'),
(124, 124, '2017-03-31', 'S', '2016-06-10', 11, NULL, '0000-00-00 00:00:00', '0000-00-00 00:00:00'),
(125, 125, '2017-03-31', 'S', '2016-05-18', 11, NULL, '0000-00-00 00:00:00', '0000-00-00 00:00:00'),
(126, 126, '2019-01-01', 'S', '2016-01-22', 11, 'DELISTED', '0000-00-00 00:00:00', '0000-00-00 00:00:00'),
(127, 127, '2017-03-31', 'NA', NULL, 11, NULL, '0000-00-00 00:00:00', '0000-00-00 00:00:00'),
(128, 128, '2017-09-30', 'S', '2016-06-10', 11, NULL, '0000-00-00 00:00:00', '0000-00-00 00:00:00'),
(129, 129, '2017-09-30', 'S', '2016-06-10', 11, NULL, '0000-00-00 00:00:00', '0000-00-00 00:00:00'),
(130, 130, '2017-07-30', 'S', '2016-06-10', 11, NULL, '0000-00-00 00:00:00', '0000-00-00 00:00:00'),
(131, 131, '2017-07-30', 'S', '2016-06-10', 11, NULL, '0000-00-00 00:00:00', '0000-00-00 00:00:00'),
(132, 132, NULL, NULL, NULL, 12, NULL, '0000-00-00 00:00:00', '0000-00-00 00:00:00'),
(133, 133, '2017-04-30', 'S', '2016-06-10', 11, NULL, '0000-00-00 00:00:00', '0000-00-00 00:00:00'),
(134, 134, '2017-05-31', 'S', '2016-06-10', 11, NULL, '0000-00-00 00:00:00', '0000-00-00 00:00:00'),
(135, 135, '2017-03-31', 'NA', NULL, 20, 'Shift to Diff. EMR (iclinicsys)', '0000-00-00 00:00:00', '0000-00-00 00:00:00'),
(136, 136, '2019-01-01', 'FA', NULL, 20, NULL, '0000-00-00 00:00:00', '0000-00-00 00:00:00'),
(137, 137, '2017-03-31', 'NR', NULL, 13, NULL, '0000-00-00 00:00:00', '0000-00-00 00:00:00'),
(138, 138, '2017-03-31', 'NA', NULL, 13, NULL, '0000-00-00 00:00:00', '0000-00-00 00:00:00'),
(139, 139, '2017-06-30', 'NA', NULL, 13, 'Shift to Diff. EMR (iclinicsys)', '0000-00-00 00:00:00', '0000-00-00 00:00:00'),
(140, 140, '2017-03-31', 'NA', NULL, 13, NULL, '0000-00-00 00:00:00', '0000-00-00 00:00:00'),
(141, 141, '2017-07-30', 'S', '2016-06-10', 13, 'Shift to Diff. EMR (iclinicsys)', '0000-00-00 00:00:00', '0000-00-00 00:00:00'),
(142, 142, '2017-03-31', 'A', NULL, 13, NULL, '0000-00-00 00:00:00', '0000-00-00 00:00:00'),
(143, 143, '2017-03-31', 'NA', NULL, 13, NULL, '0000-00-00 00:00:00', '0000-00-00 00:00:00'),
(144, 144, '2017-03-31', 'A', NULL, 13, NULL, '0000-00-00 00:00:00', '0000-00-00 00:00:00'),
(145, 145, '2019-01-01', 'A', NULL, 13, 'DELISTED', '0000-00-00 00:00:00', '0000-00-00 00:00:00'),
(146, 146, '2017-03-31', 'A', NULL, 13, NULL, '0000-00-00 00:00:00', '0000-00-00 00:00:00'),
(147, 147, '2017-03-31', 'NA', '2016-04-07', 13, NULL, '0000-00-00 00:00:00', '0000-00-00 00:00:00'),
(148, 148, '2017-05-30', 'NA', NULL, 13, NULL, '0000-00-00 00:00:00', '0000-00-00 00:00:00'),
(149, 149, '2017-03-31', 'S', '2016-06-17', 12, NULL, '0000-00-00 00:00:00', '0000-00-00 00:00:00'),
(150, 150, '2017-03-31', 'S', '2016-06-10', 13, 'Shift to Diff. EMR (portal)', '0000-00-00 00:00:00', '0000-00-00 00:00:00'),
(151, 151, '2017-03-31', 'S', '2016-06-09', 12, NULL, '0000-00-00 00:00:00', '0000-00-00 00:00:00'),
(152, 152, '2017-03-31', 'S', '2016-06-06', 20, 'Shift to Diff. EMR (portal)', '0000-00-00 00:00:00', '0000-00-00 00:00:00'),
(153, 153, '2017-03-31', 'A', NULL, 13, NULL, '0000-00-00 00:00:00', '0000-00-00 00:00:00'),
(154, 154, '2017-03-31', 'S', '2016-06-10', 13, NULL, '0000-00-00 00:00:00', '0000-00-00 00:00:00'),
(155, 155, '2017-12-30', 'FA', NULL, 12, NULL, '0000-00-00 00:00:00', '0000-00-00 00:00:00'),
(156, 156, '2019-01-01', 'S', '2016-05-05', 17, 'for Delisting', '0000-00-00 00:00:00', '0000-00-00 00:00:00'),
(157, 157, '2017-03-31', 'FA', '2016-05-05', 12, NULL, '0000-00-00 00:00:00', '0000-00-00 00:00:00'),
(158, 158, '2017-12-30', NULL, NULL, 13, NULL, '0000-00-00 00:00:00', '0000-00-00 00:00:00'),
(159, 159, '2019-01-01', 'S', '2016-05-19', 13, 'For Delisting', '0000-00-00 00:00:00', '0000-00-00 00:00:00'),
(160, 160, '2017-03-31', 'S', '2016-06-17', 13, NULL, '0000-00-00 00:00:00', '0000-00-00 00:00:00'),
(161, 161, '2017-03-31', 'FA', '2016-05-19', 13, NULL, '0000-00-00 00:00:00', '0000-00-00 00:00:00'),
(162, 162, '2017-08-30', 'FA', NULL, 13, NULL, '0000-00-00 00:00:00', '0000-00-00 00:00:00'),
(163, 163, '2017-03-31', 'S', '2016-06-09', 13, 'Shift to Diff. EMR (iclinicsys)', '0000-00-00 00:00:00', '0000-00-00 00:00:00'),
(164, 164, '2017-08-30', 'FA', NULL, 13, NULL, '0000-00-00 00:00:00', '0000-00-00 00:00:00'),
(165, 165, '2017-03-31', 'S', '2016-05-05', 13, NULL, '0000-00-00 00:00:00', '0000-00-00 00:00:00'),
(166, 166, '2017-03-31', 'FA', NULL, 13, 'Shift to Diff. EMR (portal)', '0000-00-00 00:00:00', '0000-00-00 00:00:00'),
(167, 167, '2017-03-31', 'A', NULL, 13, NULL, '0000-00-00 00:00:00', '0000-00-00 00:00:00'),
(168, 168, '2019-01-01', 'S', NULL, 13, 'for Delisting', '0000-00-00 00:00:00', '0000-00-00 00:00:00'),
(169, 169, '2017-03-31', 'S', '2016-05-19', 13, 'Shift to Diff. EMR (iclinicsys)', '0000-00-00 00:00:00', '0000-00-00 00:00:00'),
(170, 170, '2017-03-31', 'A', '2016-03-22', 13, NULL, '0000-00-00 00:00:00', '0000-00-00 00:00:00'),
(171, 171, '2017-03-31', 'A', '2016-03-22', 13, 'Shift to Diff. EMR (portal)', '0000-00-00 00:00:00', '0000-00-00 00:00:00'),
(172, 172, '2017-03-31', 'S', '2016-06-21', 12, NULL, '0000-00-00 00:00:00', '0000-00-00 00:00:00'),
(173, 173, '2017-03-31', 'S', '2016-06-21', 12, NULL, '0000-00-00 00:00:00', '0000-00-00 00:00:00'),
(174, 174, '2017-03-31', 'S', '2016-06-21', 12, NULL, '0000-00-00 00:00:00', '0000-00-00 00:00:00'),
(175, 175, '2017-03-31', 'S', '2016-06-21', 12, NULL, '0000-00-00 00:00:00', '0000-00-00 00:00:00'),
(176, 176, '2017-03-31', 'S', '2016-06-21', 12, NULL, '0000-00-00 00:00:00', '0000-00-00 00:00:00'),
(177, 177, '2019-01-01', 'NR', NULL, NULL, 'for Delisting', '0000-00-00 00:00:00', '0000-00-00 00:00:00'),
(178, 178, '2017-03-31', 'NR', NULL, 20, NULL, '0000-00-00 00:00:00', '0000-00-00 00:00:00'),
(179, 179, '2017-03-31', 'A', NULL, 12, NULL, '0000-00-00 00:00:00', '0000-00-00 00:00:00'),
(180, 180, NULL, NULL, NULL, NULL, NULL, '2018-03-13 23:12:01', '2018-03-13 23:12:01'),
(183, 183, NULL, NULL, NULL, NULL, NULL, '2018-03-13 23:13:51', '2018-03-13 23:13:51');

-- --------------------------------------------------------

--
-- Table structure for table `server_versions`
--

CREATE TABLE `server_versions` (
  `id` int(10) UNSIGNED NOT NULL,
  `name` varchar(191) COLLATE utf8mb4_unicode_ci DEFAULT NULL,
  `created_at` timestamp NULL DEFAULT NULL,
  `updated_at` timestamp NULL DEFAULT NULL
) ENGINE=InnoDB DEFAULT CHARSET=utf8mb4 COLLATE=utf8mb4_unicode_ci;

--
-- Dumping data for table `server_versions`
--

INSERT INTO `server_versions` (`id`, `name`, `created_at`, `updated_at`) VALUES
(1, '2013', '0000-00-00 00:00:00', '0000-00-00 00:00:00'),
(2, '2014', '0000-00-00 00:00:00', '0000-00-00 00:00:00'),
(3, '2015', '0000-00-00 00:00:00', '0000-00-00 00:00:00'),
(4, 'MisuWAH', '0000-00-00 00:00:00', '0000-00-00 00:00:00'),
(5, 'WAHffle', '0000-00-00 00:00:00', '0000-00-00 00:00:00');

-- --------------------------------------------------------

--
-- Table structure for table `smf_years`
--

CREATE TABLE `smf_years` (
  `id` int(10) UNSIGNED NOT NULL,
  `year` varchar(191) COLLATE utf8mb4_unicode_ci NOT NULL,
  `created_at` timestamp NULL DEFAULT NULL,
  `updated_at` timestamp NULL DEFAULT NULL
) ENGINE=InnoDB DEFAULT CHARSET=utf8mb4 COLLATE=utf8mb4_unicode_ci;

--
-- Dumping data for table `smf_years`
--

INSERT INTO `smf_years` (`id`, `year`, `created_at`, `updated_at`) VALUES
(1, '2013', '2018-01-29 18:20:54', '2018-02-14 06:34:27'),
(2, '2014', '2018-01-29 18:20:55', '2018-01-29 18:20:55'),
(3, '2015', '2018-01-29 18:20:55', '2018-01-29 18:20:55'),
(4, '2016', '2018-01-29 18:20:55', '2018-01-29 18:20:55'),
(5, '2017', '2018-01-29 18:20:55', '2018-01-29 18:20:55'),
(6, '2018', '2018-01-29 18:20:56', '2018-01-29 18:24:11'),
(7, '2019', '2018-04-29 17:39:48', '2018-04-29 17:39:48');

-- --------------------------------------------------------

--
-- Table structure for table `stats`
--

CREATE TABLE `stats` (
  `id` int(10) UNSIGNED NOT NULL,
  `facility_id` int(11) NOT NULL,
  `date_of_latest_sql` date DEFAULT NULL,
  `sql_password` varchar(191) COLLATE utf8mb4_unicode_ci DEFAULT NULL,
  `point_person_id` int(11) DEFAULT NULL,
  `num_of_patients_registered` int(11) DEFAULT NULL,
  `num_of_nhts_families_registered` int(11) DEFAULT NULL,
  `num_of_f_folders` int(11) DEFAULT NULL,
  `num_of_ff_wo_members` int(11) DEFAULT NULL,
  `num_of_patients_wo_ff` int(11) DEFAULT NULL,
  `num_of_duplicate_records` int(11) DEFAULT NULL,
  `created_at` timestamp NULL DEFAULT NULL,
  `updated_at` timestamp NULL DEFAULT NULL
) ENGINE=InnoDB DEFAULT CHARSET=utf8mb4 COLLATE=utf8mb4_unicode_ci;

--
-- Dumping data for table `stats`
--

INSERT INTO `stats` (`id`, `facility_id`, `date_of_latest_sql`, `sql_password`, `point_person_id`, `num_of_patients_registered`, `num_of_nhts_families_registered`, `num_of_f_folders`, `num_of_ff_wo_members`, `num_of_patients_wo_ff`, `num_of_duplicate_records`, `created_at`, `updated_at`) VALUES
(1, 1, '2015-07-15', NULL, NULL, 4887, 0, 7218, 0, 5, NULL, '0000-00-00 00:00:00', '0000-00-00 00:00:00'),
(2, 2, '2017-12-29', 'dumalneg-sql2016', 7, 3163, NULL, 1188, 0, 0, 12, '0000-00-00 00:00:00', '0000-00-00 00:00:00'),
(3, 3, '2017-12-29', 'alilem-sql2016', 7, 6727, 1804, 2472, 6, 6, 5, '0000-00-00 00:00:00', '0000-00-00 00:00:00'),
(4, 4, '2018-01-05', 'bantay-sql2017', 7, 17083, 533, 9413, 0, 1, 2, '0000-00-00 00:00:00', '0000-00-00 00:00:00'),
(5, 5, '2018-01-05', 'candon-sql2017', 7, 38894, 2329, 17532, 2, 238, 47, '0000-00-00 00:00:00', '0000-00-00 00:00:00'),
(6, 6, '2017-08-30', 'caoayanrhu-sql2015', 7, 12948, 2298, 6996, 0, 36, 9, '0000-00-00 00:00:00', '0000-00-00 00:00:00'),
(7, 7, '2017-09-30', 'cervantes-sql2016', 7, 21397, 1772, 6549, 21, 185, 148, '0000-00-00 00:00:00', '0000-00-00 00:00:00'),
(8, 8, '2017-10-03', 'delpilar-sql2016', 7, 4514, 629, 1446, 0, 2, 6, '0000-00-00 00:00:00', '0000-00-00 00:00:00'),
(9, 9, '2017-12-09', 'lidlidda-sql2016', 7, 4548, 709, 2127, 0, 0, 3, '0000-00-00 00:00:00', '0000-00-00 00:00:00'),
(10, 10, '2018-02-02', 'quirinohill-sql2016', 7, 5906, 1720, 2997, 22, 48, 5, '0000-00-00 00:00:00', '0000-00-00 00:00:00'),
(11, 11, '2018-01-03', 'salcedo-sql2017', 7, 9602, 824, 4315, 1, 5, 8, '0000-00-00 00:00:00', '0000-00-00 00:00:00'),
(12, 12, '2017-11-29', 'sanildefonso-sql2016', 7, 4021, 741, 2048, 0, 24, 10, '0000-00-00 00:00:00', '0000-00-00 00:00:00'),
(13, 13, '2018-02-07', 'santa-sql2015', 7, 12433, 130, 5802, 9, 331, 41, '0000-00-00 00:00:00', '0000-00-00 00:00:00'),
(14, 14, '2017-10-30', 'santacruz-sql2016', 7, 15048, NULL, 10054, 45, 17, 5, '0000-00-00 00:00:00', '0000-00-00 00:00:00'),
(15, 15, '2018-02-09', 'sigay-sql2016', 7, 2458, 771, 753, 0, 0, 0, '0000-00-00 00:00:00', '0000-00-00 00:00:00'),
(16, 16, '2018-02-09', 'stodomingo-sql2016', 7, 28169, 2804, 11172, 0, 0, 6, '0000-00-00 00:00:00', '0000-00-00 00:00:00'),
(17, 17, '2018-01-08', 'sugpon-sql2017', 7, 3393, 804, 1044, 1, 2, 14, '0000-00-00 00:00:00', '0000-00-00 00:00:00'),
(18, 18, '2017-12-27', 'suyo-sql2017', 7, 3808, NULL, 2437, 1, 30, 8, '0000-00-00 00:00:00', '0000-00-00 00:00:00'),
(19, 19, '2018-01-05', 'vigan-sql2017', 7, 16663, 7, 10603, 0, 1, 3, '0000-00-00 00:00:00', '0000-00-00 00:00:00'),
(20, 20, '2017-11-29', 'burgos-sql2016', 7, 6874, 975, 3057, 0, 0, 23, '0000-00-00 00:00:00', '0000-00-00 00:00:00'),
(21, 21, '2017-01-18', 'santol2013', NULL, 6352, 0, 4137, 5, 233, 42, '0000-00-00 00:00:00', '0000-00-00 00:00:00'),
(22, 22, '2018-02-07', 'agno-sql2018', 8, 3138, NULL, 2557, 0, 145, 13, '0000-00-00 00:00:00', '0000-00-00 00:00:00'),
(23, 23, '2017-11-20', 'aguilar-sql2016', 8, 5214, NULL, 4471, 0, 4, 11, '0000-00-00 00:00:00', '0000-00-00 00:00:00'),
(24, 24, '2018-02-09', 'bani1-sql2018', 8, 18341, 202, 10003, 0, 3, 6, '0000-00-00 00:00:00', '0000-00-00 00:00:00'),
(25, 25, '2018-02-09', 'bani2-sql2018', 8, 8221, 275, 4166, 0, 0, 24, '0000-00-00 00:00:00', '0000-00-00 00:00:00'),
(26, 26, '2018-02-07', 'basista-sql', 8, 19133, 6, 10948, 0, 646, 102, '0000-00-00 00:00:00', '0000-00-00 00:00:00'),
(27, 27, '2017-08-02', 'bayambang-sql2016', 8, 11906, 4, 7592, 0, 220, 53, '0000-00-00 00:00:00', '0000-00-00 00:00:00'),
(28, 28, NULL, NULL, NULL, NULL, NULL, NULL, NULL, NULL, NULL, '0000-00-00 00:00:00', '0000-00-00 00:00:00'),
(29, 29, '2017-08-14', 'deped-sql2017', 7, NULL, NULL, NULL, NULL, NULL, NULL, '0000-00-00 00:00:00', '0000-00-00 00:00:00'),
(30, 30, '2018-02-05', 'binmaley-sql2017', 8, 15403, NULL, 8431, 0, 343, 87, '0000-00-00 00:00:00', '0000-00-00 00:00:00'),
(31, 31, '2018-02-03', 'bolinao-sql2017', 8, 9713, 46, 6614, 0, 0, 8, '0000-00-00 00:00:00', '0000-00-00 00:00:00'),
(32, 32, '2017-07-29', 'bolinao2-sql2017', 8, 3488, 186, 1643, 1, 18, 14, '0000-00-00 00:00:00', '0000-00-00 00:00:00'),
(33, 33, '2017-10-30', 'calasiao1-sql2017', 8, 13949, 102, 9411, 36, 151, 22, '0000-00-00 00:00:00', '0000-00-00 00:00:00'),
(34, 34, '2017-10-30', 'calasiao2-sql2017', 8, 12642, 46, 9029, 253, 132, 77, '0000-00-00 00:00:00', '0000-00-00 00:00:00'),
(35, 35, '2017-12-07', 'laoac-sql2017', 8, 15664, 2322, 7270, 1, 0, 9, '0000-00-00 00:00:00', '0000-00-00 00:00:00'),
(36, 36, '2017-11-15', 'malasiquirhu1-sql', 8, 21468, 0, 15611, 1, 318, 4, '0000-00-00 00:00:00', '0000-00-00 00:00:00'),
(37, 37, '2017-11-15', 'malasiquirhu2-sql', 8, NULL, NULL, NULL, NULL, NULL, NULL, '0000-00-00 00:00:00', '0000-00-00 00:00:00'),
(38, 38, '2017-11-06', 'mangaldan-sql2016', 8, 32070, 105, 20513, 0, 105, 76, '0000-00-00 00:00:00', '0000-00-00 00:00:00'),
(39, 39, '2017-12-27', 'mapandan-sql2017', 8, 2304, NULL, 1274, 295, 500, 6, '0000-00-00 00:00:00', '0000-00-00 00:00:00'),
(40, 40, '2017-11-29', 'sanjacinto-sql2017', 8, 6700, NULL, 4512, 0, 4, 2, '0000-00-00 00:00:00', '0000-00-00 00:00:00'),
(41, 41, '2017-10-31', 'sanmanuel-sql2016', 8, 17727, 35, 12348, 2221, 58, 1, '0000-00-00 00:00:00', '0000-00-00 00:00:00'),
(42, 42, '2017-11-29', 'sannicolas-sql', 8, 2691, NULL, 1658, 0, 0, 14, '0000-00-00 00:00:00', '0000-00-00 00:00:00'),
(43, 43, '2018-02-05', 'sta.barbara-sql2017', 8, 13569, NULL, 11149, 1, 0, 0, '0000-00-00 00:00:00', '0000-00-00 00:00:00'),
(44, 44, '2017-11-27', 'sual-sql', 8, 16289, 510, 13911, 121, 16, 111, '0000-00-00 00:00:00', '0000-00-00 00:00:00'),
(45, 45, '2018-01-08', 'urbiztondo-sql2017', 8, 7926, NULL, 4710, 36, 125, 83, '0000-00-00 00:00:00', '0000-00-00 00:00:00'),
(46, 46, '2018-01-31', 'urdanetacho-sql2016', 8, 22479, 1, 18339, 2, 2, 0, '0000-00-00 00:00:00', '0000-00-00 00:00:00'),
(47, 47, '2016-12-19', 'villasis-sql2016', NULL, 15973, 955, 8116, 40, 2521, 41, '0000-00-00 00:00:00', '0000-00-00 00:00:00'),
(48, 48, '2018-02-09', 'asin-sql2016', 8, 6490, 38, 3616, 0, 0, 0, '0000-00-00 00:00:00', '0000-00-00 00:00:00'),
(49, 49, '2017-10-05', 'atab-sql2016', 8, 9556, 543, 5564, 0, 0, 0, '0000-00-00 00:00:00', '0000-00-00 00:00:00'),
(50, 50, '2018-01-25', 'atoktrail-sql2016', 8, 9183, 11, 3061, 0, 1, 0, '0000-00-00 00:00:00', '0000-00-00 00:00:00'),
(51, 51, '2018-02-09', 'aurorahill-sql2016', 8, 13318, 157, 5789, 0, 2, 4, '0000-00-00 00:00:00', '0000-00-00 00:00:00'),
(52, 52, '2018-02-02', 'campofilipino-sql2016', 8, 5857, 60, 3486, 11, 1, 4, '0000-00-00 00:00:00', '0000-00-00 00:00:00'),
(53, 53, '2018-02-02', 'citycamp-sql2016', 8, 11794, 217, 8435, 0, 2, 3, '0000-00-00 00:00:00', '0000-00-00 00:00:00'),
(54, 54, '2018-01-31', 'engineershill-sql2016', 8, 2796, 0, 1716, 0, 0, 0, '0000-00-00 00:00:00', '0000-00-00 00:00:00'),
(55, 55, '2018-02-07', 'irisan-sql2016', 8, 5177, 36, 3535, 0, 5, 3, '0000-00-00 00:00:00', '0000-00-00 00:00:00'),
(56, 56, '2017-12-29', 'loakan-sql2016', 8, 17205, 134, 6623, 0, 1, 2, '0000-00-00 00:00:00', '0000-00-00 00:00:00'),
(57, 57, '2017-08-25', 'lucban-sql2016', 8, 15880, 141, 7158, 2, 3, 1, '0000-00-00 00:00:00', '0000-00-00 00:00:00'),
(58, 58, '2018-02-05', 'minesview-sql2016', 8, 6554, 1, 3031, 0, 0, 0, '0000-00-00 00:00:00', '0000-00-00 00:00:00'),
(59, 59, '2017-01-31', 'pacdal-sql2016', 8, 3845, NULL, 1664, 0, 3, 0, '0000-00-00 00:00:00', '0000-00-00 00:00:00'),
(60, 60, '2018-01-31', 'pinsao-sql2016', 8, 6202, 114, 4007, 0, 7, 2, '0000-00-00 00:00:00', '0000-00-00 00:00:00'),
(61, 61, NULL, NULL, NULL, NULL, NULL, NULL, NULL, NULL, NULL, '0000-00-00 00:00:00', '0000-00-00 00:00:00'),
(62, 62, '2018-02-06', 'quirinohill-sql2016', 8, 3114, 60, 2255, 1, 2, 2, '0000-00-00 00:00:00', '0000-00-00 00:00:00'),
(63, 63, '2018-02-09', 'scoutbarrio-sql2016', 8, 3646, 95, 1924, 1, 0, 2, '0000-00-00 00:00:00', '0000-00-00 00:00:00'),
(64, 64, NULL, 'kayapa-sql2015', NULL, 1529, 0, 1317, 4, 30, 3, '0000-00-00 00:00:00', '0000-00-00 00:00:00'),
(65, 65, '2018-02-09', 'dilasag-sql2017', NULL, NULL, NULL, NULL, NULL, NULL, NULL, '0000-00-00 00:00:00', '0000-00-00 00:00:00'),
(66, 66, '2018-01-31', 'dipaculao-sql2017', 9, NULL, NULL, NULL, NULL, NULL, NULL, '0000-00-00 00:00:00', '0000-00-00 00:00:00'),
(67, 67, NULL, NULL, NULL, NULL, NULL, NULL, NULL, NULL, NULL, '0000-00-00 00:00:00', '0000-00-00 00:00:00'),
(68, 68, '2017-09-08', 'norzagaray1-sql2017', 7, NULL, NULL, NULL, NULL, NULL, NULL, '0000-00-00 00:00:00', '0000-00-00 00:00:00'),
(69, 69, '2018-02-07', 'norzagaray2-sql2017', 7, NULL, NULL, NULL, NULL, NULL, NULL, '0000-00-00 00:00:00', '0000-00-00 00:00:00'),
(70, 70, '2017-10-09', 'norzagaray3-sql2017', 7, NULL, NULL, NULL, NULL, NULL, NULL, '0000-00-00 00:00:00', '0000-00-00 00:00:00'),
(71, 71, '2017-10-02', 'donjuanccojuanco-sql2016', 9, 441, NULL, 373, 0, 3, 1, '0000-00-00 00:00:00', '0000-00-00 00:00:00'),
(72, 72, '2017-10-02', 'cuyapo2-sql2017', 9, 2080, NULL, 1536, 1, 3, 2, '0000-00-00 00:00:00', '0000-00-00 00:00:00'),
(73, 73, '2018-01-05', 'anao-sql2016', 9, 10720, 0, 5668, 205, 10515, 48, '0000-00-00 00:00:00', '0000-00-00 00:00:00'),
(74, 74, '2017-12-07', 'bamban1-sql2017', 9, 27078, 1, 20394, 26, 0, 11, '0000-00-00 00:00:00', '0000-00-00 00:00:00'),
(75, 75, '2018-01-05', 'bamban2-sql2016', 9, 18581, 0, 16117, 9, 34, 171, '0000-00-00 00:00:00', '0000-00-00 00:00:00'),
(76, 76, '2017-12-07', 'capas1-sql2017', 9, 44176, 1963, 35484, 112, 438, 840, '0000-00-00 00:00:00', '0000-00-00 00:00:00'),
(77, 77, '2017-10-27', 'capas2-sql2017', 9, 24643, 1, 13248, 8, 131, 97, '0000-00-00 00:00:00', '0000-00-00 00:00:00'),
(78, 78, '2017-11-08', 'capas3-sql2017', 9, 19021, 0, 13690, 2, 33, 155, '0000-00-00 00:00:00', '0000-00-00 00:00:00'),
(79, 79, '2017-11-06', 'chc1-sql2016', 9, 25226, 0, 17856, 1, 40, 93, '0000-00-00 00:00:00', '0000-00-00 00:00:00'),
(80, 80, '2018-01-05', 'chc10-sql2015', 9, 18359, 795, 13585, 0, 0, 134, '0000-00-00 00:00:00', '0000-00-00 00:00:00'),
(81, 81, '2017-08-07', 'chc2-sql2017', 9, 37517, 59, 30413, 78, 493, 474, '0000-00-00 00:00:00', '0000-00-00 00:00:00'),
(82, 82, '2018-02-12', 'chc3-sql2016', 9, 22012, 0, 17152, 3, 298, 171, '0000-00-00 00:00:00', '0000-00-00 00:00:00'),
(83, 83, '2017-11-29', 'chc4-sql2016', 9, 17137, 902, 11401, 2, 26, 63, '0000-00-00 00:00:00', '0000-00-00 00:00:00'),
(84, 84, '2017-11-28', 'chc5-sql2016', 9, 12812, 59, 8825, 15, 132, 60, '0000-00-00 00:00:00', '0000-00-00 00:00:00'),
(85, 85, '2018-01-05', 'chc6-sql2015', 9, 19381, 0, 14820, 0, 228, 243, '0000-00-00 00:00:00', '0000-00-00 00:00:00'),
(86, 86, '2017-12-06', 'chc7-sql2016', 9, 25802, 0, 19982, 10, 170, 610, '0000-00-00 00:00:00', '0000-00-00 00:00:00'),
(87, 87, '2017-11-29', 'chc8-sql2016', 9, 14981, 45, 10129, 0, 5, 96, '0000-00-00 00:00:00', '0000-00-00 00:00:00'),
(88, 88, '2018-01-05', 'chc9-sql2015', 9, 24982, 1, 18085, 1, 72, 24982, '0000-00-00 00:00:00', '0000-00-00 00:00:00'),
(89, 89, '2018-01-04', 'concepcion1-sql2017', 9, 30801, 0, 24322, 22, 598, 223, '0000-00-00 00:00:00', '0000-00-00 00:00:00'),
(90, 90, '2017-12-07', 'concepcion2-sql2016', 9, 14945, 0, 11342, 1, 204, 99, '0000-00-00 00:00:00', '0000-00-00 00:00:00'),
(91, 91, '2017-12-07', 'concepcion3-sql2017', 9, 7452, 0, 6763, 7, 90, 58, '0000-00-00 00:00:00', '0000-00-00 00:00:00'),
(92, 92, '2017-12-07', 'gerona1-sql2016', 9, 39098, 2635, 27556, 39, 5, 62, '0000-00-00 00:00:00', '0000-00-00 00:00:00'),
(93, 93, '2018-01-05', 'gerona2-sql2018', 9, 33408, 315, 26349, 0, 141, 101, '0000-00-00 00:00:00', '0000-00-00 00:00:00'),
(94, 94, '2018-02-12', 'gerona3-sql2017', 9, 17244, 5437, 8872, 61, 4, 10, '0000-00-00 00:00:00', '0000-00-00 00:00:00'),
(95, 95, '2018-01-05', 'lapaz1-sql2017', 9, 28911, 1206, 21957, 2657, 144, 223, '0000-00-00 00:00:00', '0000-00-00 00:00:00'),
(96, 96, '2018-01-05', 'lapaz2-sql2017', 9, 22272, 2789, 20667, 19, 219, 170, '0000-00-00 00:00:00', '0000-00-00 00:00:00'),
(97, 97, '2017-07-20', 'mayantoc2012', 9, 22947, 0, 15096, 1, 20, 262, '0000-00-00 00:00:00', '0000-00-00 00:00:00'),
(98, 98, NULL, 'moncada2015', 9, 24126, NULL, 15033, 0, 149, 91, '0000-00-00 00:00:00', '0000-00-00 00:00:00'),
(99, 99, '2017-07-31', 'moncada22015', 9, 18536, 0, 14886, 74, 109, 74, '0000-00-00 00:00:00', '0000-00-00 00:00:00'),
(100, 100, '2017-01-05', 'paniqui12012', 9, 48941, 1380, 34693, 57, 22, 358, '0000-00-00 00:00:00', '0000-00-00 00:00:00'),
(101, 101, '2017-12-06', 'paniqui2-sql2016', 9, 12663, 0, 9177, 1, 179, 27137, '0000-00-00 00:00:00', '0000-00-00 00:00:00'),
(102, 102, '2017-12-07', 'pura-sql2017', 9, 23922, 1321, 10594, 0, 9, 80, '0000-00-00 00:00:00', '0000-00-00 00:00:00'),
(103, 103, '2017-12-07', 'ramos-sql2017', 9, 16823, 13, 10597, 0, 0, 92, '0000-00-00 00:00:00', '0000-00-00 00:00:00'),
(104, 104, '0000-00-00', 'sanclemente-sql2017', 9, 13307, 3516, 4800, 0, 1, 0, '0000-00-00 00:00:00', '0000-00-00 00:00:00'),
(105, 105, '2017-08-07', 'sanjose-sql2015', 9, 27849, 49, 18580, 0, 364, 253, '0000-00-00 00:00:00', '0000-00-00 00:00:00'),
(106, 106, '2016-12-08', 'sanmanuel2015', 9, 14917, 0, 9983, 1792, 525, 113, '0000-00-00 00:00:00', '0000-00-00 00:00:00'),
(107, 107, '2017-12-07', 'staignacia-sql2015', 9, 30816, 0, 22165, 0, 363, 191, '0000-00-00 00:00:00', '0000-00-00 00:00:00'),
(108, 108, '2017-12-05', 'victoria1-sql2015', 9, 40030, 0, 15776, 0, 0, 8, '0000-00-00 00:00:00', '0000-00-00 00:00:00'),
(109, 109, '2018-02-12', 'victoria2-sql2018', 9, 17625, 108, 10369, 0, 0, 3, '0000-00-00 00:00:00', '0000-00-00 00:00:00'),
(110, 110, '2018-01-30', 'tanza-sql2017', NULL, NULL, NULL, NULL, NULL, NULL, NULL, '0000-00-00 00:00:00', '0000-00-00 00:00:00'),
(111, 111, '2018-01-10', 'mabitac-sql2016', 10, 9239, 136, 5441, 1, 25, 6, '0000-00-00 00:00:00', '0000-00-00 00:00:00'),
(112, 112, '2018-02-07', 'siniloan-sql2016', 10, 12169, 0, 9024, 0, 1, 2, '0000-00-00 00:00:00', '0000-00-00 00:00:00'),
(113, 113, '2018-01-19', NULL, NULL, NULL, NULL, NULL, NULL, NULL, NULL, '0000-00-00 00:00:00', '0000-00-00 00:00:00'),
(114, 114, '2017-12-19', 'real-sql2017', 9, 4963, 0, 3459, 0, 0, 2, '0000-00-00 00:00:00', '0000-00-00 00:00:00'),
(115, 115, '2018-02-05', 'sanantonio-server2017', 10, 3907, 0, 2954, 0, 0, 0, '0000-00-00 00:00:00', '0000-00-00 00:00:00'),
(116, 116, '2018-02-09', 'sariaya-sql2017', 7, NULL, NULL, NULL, NULL, NULL, NULL, '0000-00-00 00:00:00', '0000-00-00 00:00:00'),
(117, 117, '2018-01-31', 'tiaong-sql2017', 7, 7308, 0, 6223, 0, 0, 0, '0000-00-00 00:00:00', '0000-00-00 00:00:00'),
(118, 118, '2017-09-28', 'brookespoint-sql2016', 8, 26427, 421, 19269, 0, 19, 4, '0000-00-00 00:00:00', '0000-00-00 00:00:00'),
(119, 119, '2017-11-06', 'narra-sql2016', 8, 28310, 416, 17855, 0, 124, 146, '0000-00-00 00:00:00', '0000-00-00 00:00:00'),
(120, 120, '2017-08-07', 'puertoprincesa-sql2016', 8, 16775, 287, 11524, 0, 0, 10, '0000-00-00 00:00:00', '0000-00-00 00:00:00'),
(121, 121, '2017-09-29', 'roxas-sql2015', 8, 3554, 0, 2939, 0, 58, 15, '0000-00-00 00:00:00', '0000-00-00 00:00:00'),
(122, 122, '2017-05-22', 'cajidiocan2013', 10, 9915, 0, 8582, 0, 19, 65, '0000-00-00 00:00:00', '0000-00-00 00:00:00'),
(123, 123, '2017-08-22', 'magdiwang-sql2015', 10, 7409, 14, 5239, 0, 738, 56, '0000-00-00 00:00:00', '0000-00-00 00:00:00'),
(124, 124, '2018-02-05', 'sanfernando2013', 10, 15057, 801, 6907, 0, 1, 29, '0000-00-00 00:00:00', '0000-00-00 00:00:00'),
(125, 125, '2016-06-24', 'libon-sql2015', NULL, 33432, 120, 24605, 0, 1, 184, '0000-00-00 00:00:00', '0000-00-00 00:00:00'),
(126, 126, '2015-09-30', 'minalabac2014', NULL, 5981, 1, 5359, 0, 12, 32, '0000-00-00 00:00:00', '0000-00-00 00:00:00'),
(127, 127, '2017-11-05', 'sanfcamsur-sql2015', 10, 24901, 422, 11454, 51, 12, 195, '0000-00-00 00:00:00', '0000-00-00 00:00:00'),
(128, 128, '2017-12-28', 'tinambac1-sql2015', 10, 28015, 1266, 17180, 1, 27, 212, '0000-00-00 00:00:00', '0000-00-00 00:00:00'),
(129, 129, '2018-02-05', 'tinambac2-sql2015', 10, 15711, 2, 6641, 0, 0, 67, '0000-00-00 00:00:00', '0000-00-00 00:00:00'),
(130, 130, '2018-01-31', 'cataingan-sql2017', 10, 22878, 107, 17878, 1, 341, 171, '0000-00-00 00:00:00', '0000-00-00 00:00:00'),
(131, 131, '2017-12-08', 'mandaon-sql2015', 10, 7352, 98, 6727, 0, 7, 8, '0000-00-00 00:00:00', '0000-00-00 00:00:00'),
(132, 132, '2017-01-31', 'masbate-sql2017', 9, NULL, NULL, NULL, NULL, NULL, NULL, '0000-00-00 00:00:00', '0000-00-00 00:00:00'),
(133, 133, '2017-11-30', 'milagros2015', 10, 8965, 126, 6876, 8, 201, 23, '0000-00-00 00:00:00', '0000-00-00 00:00:00'),
(134, 134, '2018-01-31', 'pilar-sql2017', 10, 21655, 286, 18177, 26, 150, 219, '0000-00-00 00:00:00', '0000-00-00 00:00:00'),
(135, 135, '2015-11-04', 'dao2012', NULL, 10643, 18, 6551, 1, 30, 32, '0000-00-00 00:00:00', '0000-00-00 00:00:00'),
(136, 136, '2016-10-04', 'DSB2012', NULL, 13084, 0, 7985, 2, 45, 70, '0000-00-00 00:00:00', '0000-00-00 00:00:00'),
(137, 137, '2018-01-03', 'gamay-sql2015', 10, 14321, 1598, 6870, 3, 95, 34, '0000-00-00 00:00:00', '0000-00-00 00:00:00'),
(138, 138, '2017-03-07', 'lavazares-sql2016', 10, 20505, NULL, 10366, 10, 666, 203, '0000-00-00 00:00:00', '0000-00-00 00:00:00'),
(139, 139, '2016-04-24', 'capul-sql2015', NULL, 1745, 14, 978, 0, 1, 5, '0000-00-00 00:00:00', '0000-00-00 00:00:00'),
(140, 140, '2017-05-31', 'daramrhu2014', 10, 11629, 0, 5434, 3, 103, 27, '0000-00-00 00:00:00', '0000-00-00 00:00:00'),
(141, 141, '2016-02-02', 'gandararhu-sql2015', NULL, 2961, 142, 1555, 4, 69, 11, '0000-00-00 00:00:00', '0000-00-00 00:00:00'),
(142, 142, '2017-05-03', 'matuguinao-sql2015', 10, 4401, 350, 2495, 0, 0, 19, '0000-00-00 00:00:00', '0000-00-00 00:00:00'),
(143, 143, '2017-10-08', 'motiong-sql2016', 10, 6859, 13, 4850, 1, 478, 45, '0000-00-00 00:00:00', '0000-00-00 00:00:00'),
(144, 144, '2017-05-23', 'pagsanghan-sql2017', 10, 5957, 4, 2440, 0, 2, 0, '0000-00-00 00:00:00', '0000-00-00 00:00:00'),
(145, 145, '2015-02-27', 'sanjosedebuan-sql2015', NULL, 1387, 0, 1175, 2, 48, 9, '0000-00-00 00:00:00', '0000-00-00 00:00:00'),
(146, 146, '2017-11-30', 'sansebastian-sql2016', 10, 2574, 449, 1088, 0, 584, 14, '0000-00-00 00:00:00', '0000-00-00 00:00:00'),
(147, 147, '2017-11-30', 'tagapul-an-sql2016', 10, 3301, 73, 1647, 1, 18, 10, '0000-00-00 00:00:00', '0000-00-00 00:00:00'),
(148, 148, '2018-02-09', 'villareal-sql2018', 10, 2591, 37, 2089, 1, 8, 2, '0000-00-00 00:00:00', '0000-00-00 00:00:00'),
(149, 149, '2018-01-30', 'gutalac-sql2017', 10, 8042, 153, 6729, 130, 10, 45, '0000-00-00 00:00:00', '0000-00-00 00:00:00'),
(150, 150, '2018-01-01', 'leon-sql2015', 10, 4139, 32, 3429, 9, 77, 3, '0000-00-00 00:00:00', '0000-00-00 00:00:00'),
(151, 151, '2017-11-07', 'liloy-sql2016', 7, 10159, 204, 6877, 0, 206, 2, '0000-00-00 00:00:00', '0000-00-00 00:00:00'),
(152, 152, '2016-04-25', 'manukan2015', NULL, 10659, 1, 4713, 3, 145, 44, '0000-00-00 00:00:00', '0000-00-00 00:00:00'),
(153, 153, '2017-12-11', 'sergioosmena-sql2017', 7, 16350, 173, 9161, 24, 101, 79, '0000-00-00 00:00:00', '0000-00-00 00:00:00'),
(154, 154, '2018-01-11', 'sindangan-sql2017', 7, 21108, 2385, 14810, 1, 44, 80, '0000-00-00 00:00:00', '0000-00-00 00:00:00'),
(155, 155, '2018-02-05', 'bayog-sql2017', 10, 13772, 722, 10682, 99, 1, 30, '0000-00-00 00:00:00', '0000-00-00 00:00:00'),
(156, 156, '2015-08-26', 'guipos2015', NULL, 2700, 0, 1947, 0, 10, 5, '0000-00-00 00:00:00', '0000-00-00 00:00:00'),
(157, 157, '2018-02-07', 'lapuyan-sql2015', 10, 30503, 916, 11053, 1, 2, 147, '0000-00-00 00:00:00', '0000-00-00 00:00:00'),
(158, 158, '2018-02-07', 'margosatubig-sql2016', 10, 602, NULL, 535, 1, 23, 0, '0000-00-00 00:00:00', '0000-00-00 00:00:00'),
(159, 159, '2015-09-30', 'pitogo2014', NULL, 1976, 0, 1702, 0, 119, 4, '0000-00-00 00:00:00', '0000-00-00 00:00:00'),
(160, 160, '2017-05-03', 'sanmiguel2015', 7, 6177, 0, 4939, 58, 293, 31, '0000-00-00 00:00:00', '0000-00-00 00:00:00'),
(161, 161, '2017-10-26', 'sanpablo-sql2017', 7, 7276, 9, 2975, 1, 40, 25, '0000-00-00 00:00:00', '0000-00-00 00:00:00'),
(162, 162, '2017-12-29', 'tambulig-sql2017', NULL, 18319, 1, 9240, 0, 0, 2, '0000-00-00 00:00:00', '0000-00-00 00:00:00'),
(163, 163, '2016-04-26', 'vsagun-sql2015', NULL, 4603, 12, 3172, 0, 0, 1, '0000-00-00 00:00:00', '0000-00-00 00:00:00'),
(164, 164, '2018-02-09', 'imelda-sql2018', 7, 29505, 54, 15075, 21, 194, 478, '0000-00-00 00:00:00', '0000-00-00 00:00:00'),
(165, 165, '2017-12-29', 'ipil2012', 10, 64173, 253, 63967, 40, 206, 147, '0000-00-00 00:00:00', '0000-00-00 00:00:00'),
(166, 166, '2018-02-06', 'naga-sql2017', 10, 12910, 6, 7849, 1, 333, 38, '0000-00-00 00:00:00', '0000-00-00 00:00:00'),
(167, 167, '2018-01-11', 'rtlim-sql2016', 7, 24707, 7, 14649, 0, 463, 122, '0000-00-00 00:00:00', '0000-00-00 00:00:00'),
(168, 168, '2018-02-09', 'titay-sql2017', 7, 741, 0, 551, 0, 25, 0, '0000-00-00 00:00:00', '0000-00-00 00:00:00'),
(169, 169, '2016-07-08', 'tungawan2015', NULL, 26979, 559, 15615, 0, 52, 54, '0000-00-00 00:00:00', '0000-00-00 00:00:00'),
(170, 170, '2016-03-20', 'bacolod-sql2015', NULL, 7067, 184, 4706, 11, 34, 7, '0000-00-00 00:00:00', '0000-00-00 00:00:00'),
(171, 171, '2015-09-30', 'kapatagan-sql2015', NULL, 2934, 0, 2214, 0, 1, 7, '0000-00-00 00:00:00', '0000-00-00 00:00:00'),
(172, 172, '2017-09-06', 'delcarmenrhu2014', 7, 9920, 1, 5312, 35, 94, 48, '0000-00-00 00:00:00', '0000-00-00 00:00:00'),
(173, 173, '2016-04-28', 'cagwait2014', NULL, 4934, 0, 3756, 15, 118, 34, '0000-00-00 00:00:00', '0000-00-00 00:00:00'),
(174, 174, '2017-11-13', 'cortes2014', 7, 8774, 0, 5075, 0, 120, 23, '0000-00-00 00:00:00', '0000-00-00 00:00:00'),
(175, 175, '2018-02-02', 'hinatuanmho-sql2016', 7, 31641, 540, 14957, 4, 293, 436, '0000-00-00 00:00:00', '0000-00-00 00:00:00'),
(176, 176, '2018-01-31', 'tandag-sql2015', 7, 24650, 0, 19044, 14, 154, 14, '0000-00-00 00:00:00', '0000-00-00 00:00:00'),
(177, 177, '2014-03-03', 'datupaglas2014', NULL, 731, 0, 569, 0, 1, 0, '0000-00-00 00:00:00', '0000-00-00 00:00:00'),
(178, 178, '2015-07-14', 'upirhu2013', 7, 5778, 1, 4456, 0, 56, 11, '0000-00-00 00:00:00', '0000-00-00 00:00:00'),
(179, 179, '2015-10-07', 'panlimsug2013', 10, 9238, 0, 4025, 0, 14, 0, '0000-00-00 00:00:00', '0000-00-00 00:00:00'),
(180, 180, NULL, NULL, NULL, NULL, NULL, NULL, NULL, NULL, NULL, '2018-03-13 23:12:01', '2018-03-13 23:12:01'),
(183, 183, NULL, NULL, NULL, NULL, NULL, NULL, NULL, NULL, NULL, '2018-03-13 23:13:51', '2018-03-13 23:13:51');

-- --------------------------------------------------------

--
-- Table structure for table `tbl_module`
--

CREATE TABLE `tbl_module` (
  `id` int(11) NOT NULL,
  `module_name` varchar(50) NOT NULL
) ENGINE=InnoDB DEFAULT CHARSET=latin1;

--
-- Dumping data for table `tbl_module`
--

INSERT INTO `tbl_module` (`id`, `module_name`) VALUES
(1, 'Module 1'),
(2, 'Module 2'),
(3, 'Module 3'),
(4, 'Module 4'),
(5, 'Site Assessment'),
(6, 'Monitoring');

-- --------------------------------------------------------

--
-- Table structure for table `tbl_schedule`
--

CREATE TABLE `tbl_schedule` (
  `id` int(11) NOT NULL,
  `module_code` varchar(50) NOT NULL,
  `event_name` varchar(250) NOT NULL,
  `facility` varchar(250) NOT NULL,
  `start_date` date NOT NULL,
  `end_date` date NOT NULL,
  `status` char(1) NOT NULL,
  `remarks` varchar(250) NOT NULL
) ENGINE=InnoDB DEFAULT CHARSET=latin1;

--
-- Dumping data for table `tbl_schedule`
--

INSERT INTO `tbl_schedule` (`id`, `module_code`, `event_name`, `facility`, `start_date`, `end_date`, `status`, `remarks`) VALUES
(1, '', 'PRC', '', '2018-01-12', '2018-01-12', 'G', 'Good'),
(2, '1', 'WAH4c', 'Zamboanga Sibugay', '2018-01-15', '2018-01-19', 'G', 'Good'),
(3, '1', 'wah4c', 'R9 assembly', '2018-01-22', '2018-01-26', 'G', 'Good'),
(4, '1', 'wah4c', 'Villareal Samar, TNA TSA TALALORA LEYTE', '2018-01-22', '2018-01-26', 'C', 'Cancelled');

-- --------------------------------------------------------

--
-- Table structure for table `tbl_staff_schedule`
--

CREATE TABLE `tbl_staff_schedule` (
  `id` int(11) NOT NULL,
  `staff_name` varchar(50) NOT NULL,
  `staff_id` varchar(50) NOT NULL,
  `training_id` varchar(50) NOT NULL,
  `length` varchar(50) NOT NULL
) ENGINE=InnoDB DEFAULT CHARSET=latin1;

--
-- Dumping data for table `tbl_staff_schedule`
--

INSERT INTO `tbl_staff_schedule` (`id`, `staff_name`, `staff_id`, `training_id`, `length`) VALUES
(1, 'Joan', '', '1', '1 day'),
(2, 'Francis', '38', '2', '5 days'),
(3, 'Anna', '39', '2', '5 days'),
(4, 'Remar', '44', '2', '5 days'),
(5, 'Francis', '38', '3', '5 days'),
(6, 'Anna', '39', '3', '5 days'),
(7, 'Remar', '44', '3', '5 days'),
(8, 'John', '40', '4', '5 days'),
(9, 'Rolly', '9', '4', '5 days'),
(10, 'Rose Ann', '42', '4', '5 days');

-- --------------------------------------------------------

--
-- Table structure for table `technicals`
--

CREATE TABLE `technicals` (
  `id` int(10) UNSIGNED NOT NULL,
  `facility_id` int(11) NOT NULL,
  `server_version_id` int(11) DEFAULT NULL,
  `date_of_server_purchase` date DEFAULT NULL,
  `num_of_client_computers` tinyint(4) DEFAULT NULL,
  `has_3g_globe` tinyint(1) DEFAULT NULL,
  `has_3g_smart` tinyint(1) DEFAULT NULL,
  `has_dsl` tinyint(1) DEFAULT NULL,
  `has_3g_and_dsl` tinyint(1) DEFAULT NULL,
  `comment` varchar(191) COLLATE utf8mb4_unicode_ci DEFAULT NULL,
  `created_at` timestamp NULL DEFAULT NULL,
  `updated_at` timestamp NULL DEFAULT NULL
) ENGINE=InnoDB DEFAULT CHARSET=utf8mb4 COLLATE=utf8mb4_unicode_ci;

--
-- Dumping data for table `technicals`
--

INSERT INTO `technicals` (`id`, `facility_id`, `server_version_id`, `date_of_server_purchase`, `num_of_client_computers`, `has_3g_globe`, `has_3g_smart`, `has_dsl`, `has_3g_and_dsl`, `comment`, `created_at`, `updated_at`) VALUES
(1, 1, 1, '2012-10-15', NULL, 1, 1, 1, 1, NULL, '0000-00-00 00:00:00', '0000-00-00 00:00:00'),
(2, 2, 5, '2013-06-08', 4, 1, 0, 0, 0, 'Slow 3g Data Connection', '0000-00-00 00:00:00', '0000-00-00 00:00:00'),
(3, 3, 5, '2015-06-06', 8, 1, 0, 0, 0, 'Slow 3g Data Connection', '0000-00-00 00:00:00', '0000-00-00 00:00:00'),
(4, 4, 5, '2016-10-15', 8, 1, 1, 1, 1, NULL, '0000-00-00 00:00:00', '0000-00-00 00:00:00'),
(5, 5, 4, '2014-11-24', 7, 1, 1, 0, 0, NULL, '0000-00-00 00:00:00', '2018-04-09 18:42:49'),
(6, 6, 5, '2015-09-21', 11, 1, 0, 0, 0, 'Slow 3g Data Connection', '0000-00-00 00:00:00', '0000-00-00 00:00:00'),
(7, 7, 5, '2013-10-21', 17, 0, 0, 0, 0, '2G Only / No data connection on site', '0000-00-00 00:00:00', '0000-00-00 00:00:00'),
(8, 8, 5, '2015-02-23', 5, 1, 0, 0, 0, NULL, '0000-00-00 00:00:00', '0000-00-00 00:00:00'),
(9, 9, 5, '2016-01-11', 6, 1, 1, 0, 0, 'Slow 3g Data Connection', '0000-00-00 00:00:00', '0000-00-00 00:00:00'),
(10, 10, 5, '2015-08-03', 14, 0, 0, 0, 0, '2G Only / No data connection on site', '0000-00-00 00:00:00', '0000-00-00 00:00:00'),
(11, 11, 4, '2015-03-09', 5, 1, 0, 1, 1, NULL, '0000-00-00 00:00:00', '0000-00-00 00:00:00'),
(12, 12, 5, '2016-07-27', 6, 1, 1, 1, 1, NULL, '0000-00-00 00:00:00', '0000-00-00 00:00:00'),
(13, 13, 5, '2014-12-01', 5, 1, 1, 0, 0, NULL, '0000-00-00 00:00:00', '0000-00-00 00:00:00'),
(14, 14, 5, '2016-12-01', 12, 1, 1, 1, 1, NULL, '0000-00-00 00:00:00', '0000-00-00 00:00:00'),
(15, 15, 5, '2015-02-02', 5, 1, 1, 0, 0, NULL, '0000-00-00 00:00:00', '0000-00-00 00:00:00'),
(16, 16, 5, '2016-01-04', 7, 1, 0, 1, 1, NULL, '0000-00-00 00:00:00', '0000-00-00 00:00:00'),
(17, 17, 5, '2016-02-11', 5, 1, 0, 0, 0, NULL, '0000-00-00 00:00:00', '0000-00-00 00:00:00'),
(18, 18, 5, '2017-02-25', 12, 1, 1, 1, 1, 'Slow 3g Data Connection', '0000-00-00 00:00:00', '0000-00-00 00:00:00'),
(19, 19, 5, '2016-11-28', 9, 1, 1, 0, 0, NULL, '0000-00-00 00:00:00', '0000-00-00 00:00:00'),
(20, 20, 5, '2016-02-29', 6, 1, 0, 0, 0, NULL, '0000-00-00 00:00:00', '0000-00-00 00:00:00'),
(21, 21, 5, '2013-11-17', 5, 1, 0, 1, 1, NULL, '0000-00-00 00:00:00', '0000-00-00 00:00:00'),
(22, 22, 5, NULL, NULL, NULL, NULL, NULL, NULL, NULL, '0000-00-00 00:00:00', '0000-00-00 00:00:00'),
(23, 23, 5, NULL, NULL, NULL, NULL, NULL, NULL, NULL, '0000-00-00 00:00:00', '0000-00-00 00:00:00'),
(24, 24, 5, '2016-02-22', 7, 1, 1, 0, 0, NULL, '0000-00-00 00:00:00', '0000-00-00 00:00:00'),
(25, 25, 5, '2016-02-22', 4, 1, 1, 1, 1, NULL, '0000-00-00 00:00:00', '0000-00-00 00:00:00'),
(26, 26, 5, '2015-03-03', 5, 1, 1, 1, 1, NULL, '0000-00-00 00:00:00', '0000-00-00 00:00:00'),
(27, 27, 5, '2016-04-12', 11, 1, 0, 0, 0, NULL, '0000-00-00 00:00:00', '0000-00-00 00:00:00'),
(28, 28, 4, NULL, NULL, NULL, NULL, NULL, NULL, NULL, '0000-00-00 00:00:00', '0000-00-00 00:00:00'),
(29, 29, 4, NULL, 10, NULL, NULL, NULL, NULL, NULL, '0000-00-00 00:00:00', '0000-00-00 00:00:00'),
(30, 30, 5, NULL, NULL, 1, 1, 0, 0, NULL, '0000-00-00 00:00:00', '0000-00-00 00:00:00'),
(31, 31, 5, '2017-02-28', 6, 1, 1, 1, 1, NULL, '0000-00-00 00:00:00', '0000-00-00 00:00:00'),
(32, 32, 5, '2017-02-28', 5, 1, 1, 0, 0, NULL, '0000-00-00 00:00:00', '0000-00-00 00:00:00'),
(33, 33, 4, '2014-06-24', 14, 1, 1, 1, 1, NULL, '0000-00-00 00:00:00', '0000-00-00 00:00:00'),
(34, 34, 4, '2014-06-24', 3, 1, 1, 0, 0, NULL, '0000-00-00 00:00:00', '0000-00-00 00:00:00'),
(35, 35, 5, '2014-08-01', 7, 1, 1, 0, 0, NULL, '0000-00-00 00:00:00', '0000-00-00 00:00:00'),
(36, 36, 5, '2016-02-02', 6, 1, 1, 1, 1, NULL, '0000-00-00 00:00:00', '0000-00-00 00:00:00'),
(37, 37, 5, NULL, NULL, NULL, NULL, NULL, NULL, NULL, '0000-00-00 00:00:00', '0000-00-00 00:00:00'),
(38, 38, 5, '2014-06-24', 5, 1, 1, 0, 0, NULL, '0000-00-00 00:00:00', '0000-00-00 00:00:00'),
(39, 39, 5, NULL, NULL, NULL, NULL, NULL, NULL, NULL, '0000-00-00 00:00:00', '0000-00-00 00:00:00'),
(40, 40, 5, NULL, NULL, NULL, NULL, NULL, NULL, NULL, '0000-00-00 00:00:00', '0000-00-00 00:00:00'),
(41, 41, 5, '2016-04-04', 6, 1, 1, 0, 0, NULL, '0000-00-00 00:00:00', '0000-00-00 00:00:00'),
(42, 42, 5, NULL, 7, NULL, NULL, NULL, NULL, NULL, '0000-00-00 00:00:00', '0000-00-00 00:00:00'),
(43, 43, 5, NULL, NULL, NULL, NULL, NULL, NULL, NULL, '0000-00-00 00:00:00', '0000-00-00 00:00:00'),
(44, 44, 5, '2015-07-13', 14, 1, 1, 1, 1, NULL, '0000-00-00 00:00:00', '0000-00-00 00:00:00'),
(45, 45, 5, NULL, NULL, NULL, NULL, NULL, NULL, NULL, '0000-00-00 00:00:00', '0000-00-00 00:00:00'),
(46, 46, 5, '2016-11-21', 4, 1, 1, 1, 1, NULL, '0000-00-00 00:00:00', '0000-00-00 00:00:00'),
(47, 47, 5, '2016-03-14', 5, 1, 1, 1, 1, NULL, '0000-00-00 00:00:00', '0000-00-00 00:00:00'),
(48, 48, 5, '2012-01-01', 3, 1, 1, 0, 0, 'Slow 3g Data Connection', '0000-00-00 00:00:00', '0000-00-00 00:00:00'),
(49, 49, 5, '2012-01-01', 8, 1, 1, 0, 0, 'Slow 3g Data Connection', '0000-00-00 00:00:00', '0000-00-00 00:00:00'),
(50, 50, 5, '2012-01-01', 3, 1, 1, 0, 0, 'Slow 3g Data Connection', '0000-00-00 00:00:00', '0000-00-00 00:00:00'),
(51, 51, 5, '2012-01-01', 5, 1, 1, 0, 0, 'Slow 3g Data Connection', '0000-00-00 00:00:00', '0000-00-00 00:00:00'),
(52, 52, 5, '2012-01-01', 4, 1, 1, 0, 0, 'Slow 3g Data Connection', '0000-00-00 00:00:00', '0000-00-00 00:00:00'),
(53, 53, 5, '2012-01-01', 3, 1, 1, 0, 0, 'Slow 3g Data Connection', '0000-00-00 00:00:00', '0000-00-00 00:00:00'),
(54, 54, 5, '2012-01-01', 4, 1, 1, 0, 0, 'Slow 3g Data Connection', '0000-00-00 00:00:00', '0000-00-00 00:00:00'),
(55, 55, 5, '2012-01-01', 5, 1, 1, 0, 0, 'Slow 3g Data Connection', '0000-00-00 00:00:00', '0000-00-00 00:00:00'),
(56, 56, 5, '2012-01-01', 6, 1, 1, 0, 0, 'Slow 3g Data Connection', '0000-00-00 00:00:00', '0000-00-00 00:00:00'),
(57, 57, 5, '2012-01-01', 2, 1, 1, 0, 0, 'Slow 3g Data Connection', '0000-00-00 00:00:00', '0000-00-00 00:00:00'),
(58, 58, 5, '2012-01-01', 5, 1, 1, 0, 0, 'Slow 3g Data Connection', '0000-00-00 00:00:00', '0000-00-00 00:00:00'),
(59, 59, 5, NULL, 4, 1, 1, 0, 0, NULL, '0000-00-00 00:00:00', '0000-00-00 00:00:00'),
(60, 60, 5, '2012-01-01', 4, 1, 1, 0, 0, 'Slow 3g Data Connection', '0000-00-00 00:00:00', '0000-00-00 00:00:00'),
(61, 61, 5, NULL, NULL, NULL, NULL, NULL, NULL, NULL, '0000-00-00 00:00:00', '0000-00-00 00:00:00'),
(62, 62, 5, '2012-01-01', 3, 1, 1, 0, 0, 'Slow 3g Data Connection', '0000-00-00 00:00:00', '0000-00-00 00:00:00'),
(63, 63, 5, '2012-01-01', 7, 1, 1, 0, 0, 'Slow 3g Data Connection', '0000-00-00 00:00:00', '0000-00-00 00:00:00'),
(64, 64, 5, '2014-07-21', 6, 0, 0, 0, 0, '2G Only / No data connection on site', '0000-00-00 00:00:00', '0000-00-00 00:00:00'),
(65, 65, 4, NULL, NULL, NULL, NULL, NULL, NULL, NULL, '0000-00-00 00:00:00', '0000-00-00 00:00:00'),
(66, 66, 4, '2017-08-21', 11, NULL, NULL, NULL, NULL, NULL, '0000-00-00 00:00:00', '0000-00-00 00:00:00'),
(67, 67, 4, NULL, NULL, NULL, NULL, NULL, NULL, NULL, '0000-00-00 00:00:00', '0000-00-00 00:00:00'),
(68, 68, 4, '2017-06-12', 8, NULL, NULL, NULL, NULL, NULL, '0000-00-00 00:00:00', '0000-00-00 00:00:00'),
(69, 69, 4, '2017-06-12', 7, NULL, NULL, NULL, NULL, NULL, '0000-00-00 00:00:00', '0000-00-00 00:00:00'),
(70, 70, 4, '2017-06-12', 5, NULL, NULL, NULL, NULL, NULL, '0000-00-00 00:00:00', '0000-00-00 00:00:00'),
(71, 71, 4, '2016-12-12', 9, 1, 1, 1, 1, NULL, '0000-00-00 00:00:00', '0000-00-00 00:00:00'),
(72, 72, 4, '2016-12-12', 9, 1, 1, 1, 1, NULL, '0000-00-00 00:00:00', '0000-00-00 00:00:00'),
(73, 73, 5, '2012-03-23', 8, 1, 0, 0, 0, NULL, '0000-00-00 00:00:00', '0000-00-00 00:00:00'),
(74, 74, 5, '2017-03-28', 12, 1, 0, 0, 0, NULL, '0000-00-00 00:00:00', '0000-00-00 00:00:00'),
(75, 75, 5, '2016-04-26', 6, 1, 0, 0, 0, NULL, '0000-00-00 00:00:00', '0000-00-00 00:00:00'),
(76, 76, 5, '2016-03-31', 12, 1, 1, 1, 1, NULL, '0000-00-00 00:00:00', '0000-00-00 00:00:00'),
(77, 77, 5, '2011-11-11', 4, 1, 0, 0, 0, NULL, '0000-00-00 00:00:00', '0000-00-00 00:00:00'),
(78, 78, 5, '2012-01-09', 5, 1, 1, 0, 0, NULL, '0000-00-00 00:00:00', '0000-00-00 00:00:00'),
(79, 79, 5, '2016-01-01', 7, 1, 1, 0, 0, NULL, '0000-00-00 00:00:00', '0000-00-00 00:00:00'),
(80, 80, 5, '2013-06-10', 6, 1, 1, 1, 1, NULL, '0000-00-00 00:00:00', '0000-00-00 00:00:00'),
(81, 81, 5, '2014-05-18', 8, 1, 1, 1, 0, NULL, '0000-00-00 00:00:00', '0000-00-00 00:00:00'),
(82, 82, 5, '2013-02-25', 6, 1, 1, 0, 0, NULL, '0000-00-00 00:00:00', '0000-00-00 00:00:00'),
(83, 83, 5, '2013-06-10', 5, 1, 1, 1, 0, NULL, '0000-00-00 00:00:00', '0000-00-00 00:00:00'),
(84, 84, 5, '2013-05-27', 5, 1, 1, 0, 0, NULL, '0000-00-00 00:00:00', '0000-00-00 00:00:00'),
(85, 85, 5, '2013-05-27', 5, 1, 1, 0, 0, NULL, '0000-00-00 00:00:00', '0000-00-00 00:00:00'),
(86, 86, 5, '2013-05-27', 5, 1, 1, 0, 0, NULL, '0000-00-00 00:00:00', '0000-00-00 00:00:00'),
(87, 87, 5, '2013-04-15', 7, 1, 1, 0, 0, NULL, '0000-00-00 00:00:00', '0000-00-00 00:00:00'),
(88, 88, 5, '2013-02-25', 6, 1, 1, 0, 0, NULL, '0000-00-00 00:00:00', '0000-00-00 00:00:00'),
(89, 89, 5, '2017-08-28', 14, 1, 1, 1, 1, NULL, '0000-00-00 00:00:00', '0000-00-00 00:00:00'),
(90, 90, 5, '2013-06-24', 7, 0, 0, 0, 0, '2G Only / No data connection on site', '0000-00-00 00:00:00', '0000-00-00 00:00:00'),
(91, 91, 5, '2017-08-28', 4, 1, 1, 0, 0, NULL, '0000-00-00 00:00:00', '0000-00-00 00:00:00'),
(92, 92, 5, '2016-01-22', 8, 1, 1, 1, 1, NULL, '0000-00-00 00:00:00', '0000-00-00 00:00:00'),
(93, 93, 5, '2011-03-01', 7, 1, 0, 1, 1, NULL, '0000-00-00 00:00:00', '0000-00-00 00:00:00'),
(94, 94, 5, '2016-07-01', 5, 1, 1, 0, 0, NULL, '0000-00-00 00:00:00', '0000-00-00 00:00:00'),
(95, 95, 5, '2017-03-13', 7, 1, 1, 0, 0, NULL, '0000-00-00 00:00:00', '0000-00-00 00:00:00'),
(96, 96, 5, '2017-03-13', 5, 1, 1, 0, 0, NULL, '0000-00-00 00:00:00', '0000-00-00 00:00:00'),
(97, 97, 5, '2012-03-16', 7, 1, 1, 1, 1, NULL, '0000-00-00 00:00:00', '0000-00-00 00:00:00'),
(98, 98, 5, NULL, 7, 1, 1, 1, 1, NULL, '0000-00-00 00:00:00', '0000-00-00 00:00:00'),
(99, 99, 5, '2011-12-13', 5, 1, 1, 0, 0, NULL, '0000-00-00 00:00:00', '0000-00-00 00:00:00'),
(100, 100, 5, '2014-01-01', 17, 1, 1, 0, 0, NULL, '0000-00-00 00:00:00', '0000-00-00 00:00:00'),
(101, 101, 5, '2013-02-25', 4, 1, 1, 0, 0, NULL, '0000-00-00 00:00:00', '0000-00-00 00:00:00'),
(102, 102, 5, '2017-07-07', 8, 1, 1, 0, 0, NULL, '0000-00-00 00:00:00', '0000-00-00 00:00:00'),
(103, 103, 5, '2012-07-20', 7, 1, 1, 0, 0, NULL, '0000-00-00 00:00:00', '0000-00-00 00:00:00'),
(104, 104, 5, '2017-10-19', 7, 1, 0, 0, 0, NULL, '0000-00-00 00:00:00', '0000-00-00 00:00:00'),
(105, 105, 5, '2017-10-05', 8, 1, 1, 0, 0, NULL, '0000-00-00 00:00:00', '0000-00-00 00:00:00'),
(106, 106, 5, '2012-09-07', 3, 1, 1, 0, 0, NULL, '0000-00-00 00:00:00', '0000-00-00 00:00:00'),
(107, 107, 5, '2012-07-27', 8, 1, 1, 0, 0, NULL, '0000-00-00 00:00:00', '0000-00-00 00:00:00'),
(108, 108, 5, '2015-09-24', 10, 1, 1, 0, 0, NULL, '0000-00-00 00:00:00', '0000-00-00 00:00:00'),
(109, 109, 5, '2016-05-30', 6, 0, 0, 0, 0, '2G Only / No data connection on site', '0000-00-00 00:00:00', '0000-00-00 00:00:00'),
(110, 110, 4, NULL, NULL, NULL, NULL, NULL, NULL, NULL, '0000-00-00 00:00:00', '0000-00-00 00:00:00'),
(111, 111, 4, '2016-04-04', 10, 1, 1, 1, 1, NULL, '0000-00-00 00:00:00', '0000-00-00 00:00:00'),
(112, 112, 4, '2016-11-07', 8, 1, 1, 1, 1, NULL, '0000-00-00 00:00:00', '0000-00-00 00:00:00'),
(113, 113, 4, NULL, NULL, NULL, NULL, NULL, NULL, NULL, '0000-00-00 00:00:00', '0000-00-00 00:00:00'),
(114, 114, 5, NULL, 11, NULL, NULL, NULL, NULL, NULL, '0000-00-00 00:00:00', '0000-00-00 00:00:00'),
(115, 115, 5, '2017-02-06', 9, 1, 1, 1, 1, NULL, '0000-00-00 00:00:00', '0000-00-00 00:00:00'),
(116, 116, 4, '2017-08-11', 8, NULL, NULL, NULL, NULL, NULL, '0000-00-00 00:00:00', '0000-00-00 00:00:00'),
(117, 117, 5, NULL, 10, NULL, NULL, NULL, NULL, NULL, '0000-00-00 00:00:00', '0000-00-00 00:00:00'),
(118, 118, 5, '2012-08-26', 10, 1, 0, 0, 0, NULL, '0000-00-00 00:00:00', '0000-00-00 00:00:00'),
(119, 119, 5, '2014-08-18', 5, 1, 0, 0, 0, NULL, '0000-00-00 00:00:00', '0000-00-00 00:00:00'),
(120, 120, 5, '2016-10-24', 21, 1, 1, 1, 1, NULL, '0000-00-00 00:00:00', '0000-00-00 00:00:00'),
(121, 121, 5, '2016-02-08', 8, 1, 1, 0, 0, NULL, '0000-00-00 00:00:00', '0000-00-00 00:00:00'),
(122, 122, 5, '2013-08-12', NULL, 0, 0, 0, 0, '2G Only / No data connection on site', '0000-00-00 00:00:00', '0000-00-00 00:00:00'),
(123, 123, 5, '2013-08-12', NULL, 0, 0, 0, 0, '2G Only / No data connection on site', '0000-00-00 00:00:00', '0000-00-00 00:00:00'),
(124, 124, 5, '2016-10-01', NULL, 0, 0, 0, 0, '2G Only / No data connection on site', '0000-00-00 00:00:00', '0000-00-00 00:00:00'),
(125, 125, 5, '2013-01-14', NULL, 1, 1, 1, 1, NULL, '0000-00-00 00:00:00', '0000-00-00 00:00:00'),
(126, 126, 5, '2014-09-23', NULL, 1, 1, 0, 0, NULL, '0000-00-00 00:00:00', '0000-00-00 00:00:00'),
(127, 127, 5, '2014-06-02', NULL, 1, 1, 0, 0, NULL, '0000-00-00 00:00:00', '0000-00-00 00:00:00'),
(128, 128, 5, '2014-08-18', NULL, 1, 0, 0, 0, NULL, '0000-00-00 00:00:00', '0000-00-00 00:00:00'),
(129, 129, 5, '2014-08-18', NULL, 1, 0, 0, 0, NULL, '0000-00-00 00:00:00', '0000-00-00 00:00:00'),
(130, 130, 4, '2014-06-23', NULL, 1, 1, 0, 0, NULL, '0000-00-00 00:00:00', '0000-00-00 00:00:00'),
(131, 131, 5, '2014-06-30', NULL, 1, 1, 0, 0, NULL, '0000-00-00 00:00:00', '0000-00-00 00:00:00'),
(132, 132, 4, NULL, 15, NULL, NULL, NULL, NULL, NULL, '0000-00-00 00:00:00', '0000-00-00 00:00:00'),
(133, 133, 5, '2015-03-16', NULL, 1, 1, 0, 0, NULL, '0000-00-00 00:00:00', '0000-00-00 00:00:00'),
(134, 134, 4, '2014-04-07', NULL, 1, 1, 1, 1, NULL, '0000-00-00 00:00:00', '0000-00-00 00:00:00'),
(135, 135, 5, '2012-12-10', 6, 1, 0, 1, 1, NULL, '0000-00-00 00:00:00', '0000-00-00 00:00:00'),
(136, 136, 5, '2012-12-17', 3, 0, 0, 0, 0, '2G Only / No data connection on site', '0000-00-00 00:00:00', '0000-00-00 00:00:00'),
(137, 137, 5, '2014-06-19', NULL, 0, 0, 0, 0, 'Inconsistent Mobile Network Connectivity', '0000-00-00 00:00:00', '0000-00-00 00:00:00'),
(138, 138, 4, '2015-11-16', 8, 1, 0, 0, 0, 'Slow 3g Data Connection', '0000-00-00 00:00:00', '0000-00-00 00:00:00'),
(139, 139, 5, '2015-05-18', NULL, 0, 0, 0, 0, NULL, '0000-00-00 00:00:00', '0000-00-00 00:00:00'),
(140, 140, 5, '2014-06-30', NULL, 1, 0, 0, 0, NULL, '0000-00-00 00:00:00', '0000-00-00 00:00:00'),
(141, 141, 5, '2015-06-08', 4, 1, 1, 0, 0, NULL, '0000-00-00 00:00:00', '0000-00-00 00:00:00'),
(142, 142, 5, '2014-08-18', 7, 1, 0, 1, 1, NULL, '0000-00-00 00:00:00', '0000-00-00 00:00:00'),
(143, 143, 4, '2016-01-18', 7, 1, 1, 0, 0, 'Slow 3g Data Connection', '0000-00-00 00:00:00', '0000-00-00 00:00:00'),
(144, 144, 5, '2015-01-26', 7, 1, 1, 0, 0, NULL, '0000-00-00 00:00:00', '0000-00-00 00:00:00'),
(145, 145, 5, '2014-12-01', 7, 1, 0, 0, 0, NULL, '0000-00-00 00:00:00', '0000-00-00 00:00:00'),
(146, 146, 5, '2014-06-23', 7, 1, 0, 0, 0, NULL, '0000-00-00 00:00:00', '0000-00-00 00:00:00'),
(147, 147, 4, '2016-01-25', 5, 1, 0, 0, 0, '2G Only / No data connection on site', '0000-00-00 00:00:00', '0000-00-00 00:00:00'),
(148, 148, 5, '2016-04-04', 14, 1, 1, 0, 0, NULL, '0000-00-00 00:00:00', '0000-00-00 00:00:00'),
(149, 149, 4, '2017-05-01', 9, 0, 0, 0, 0, '2G Only / No data connection on site', '0000-00-00 00:00:00', '0000-00-00 00:00:00'),
(150, 150, 4, '2014-06-16', 9, 1, 1, 0, 0, NULL, '0000-00-00 00:00:00', '0000-00-00 00:00:00'),
(151, 151, 4, '2015-01-19', 16, 1, 0, 1, 0, NULL, '0000-00-00 00:00:00', '0000-00-00 00:00:00'),
(152, 152, 5, '2015-01-12', 7, 1, 0, 1, 0, NULL, '0000-00-00 00:00:00', '0000-00-00 00:00:00'),
(153, 153, 4, '2014-07-28', 6, 1, 1, 1, 1, NULL, '0000-00-00 00:00:00', '0000-00-00 00:00:00'),
(154, 154, 4, '2015-01-26', 11, 1, 1, 1, 1, NULL, '0000-00-00 00:00:00', '0000-00-00 00:00:00'),
(155, 155, 5, '2015-11-30', 6, 1, 0, 0, 0, NULL, '0000-00-00 00:00:00', '0000-00-00 00:00:00'),
(156, 156, 5, '2015-02-23', 8, 1, 0, 0, 0, NULL, '0000-00-00 00:00:00', '0000-00-00 00:00:00'),
(157, 157, 5, '2014-03-10', 7, 1, 0, 0, 0, NULL, '0000-00-00 00:00:00', '0000-00-00 00:00:00'),
(158, 158, 5, '2016-11-21', 9, 1, 1, 1, 1, NULL, '0000-00-00 00:00:00', '0000-00-00 00:00:00'),
(159, 159, 5, '2014-12-05', 7, 1, 1, 0, 0, NULL, '0000-00-00 00:00:00', '0000-00-00 00:00:00'),
(160, 160, 5, '2015-02-16', 5, 1, 1, 0, 0, NULL, '0000-00-00 00:00:00', '0000-00-00 00:00:00'),
(161, 161, 4, '2014-06-30', 7, 1, 1, 0, 0, NULL, '0000-00-00 00:00:00', '0000-00-00 00:00:00'),
(162, 162, 4, '2015-07-20', 14, 1, 0, 0, 0, NULL, '0000-00-00 00:00:00', '0000-00-00 00:00:00'),
(163, 163, 5, '2014-06-23', 6, 1, 1, 0, 0, NULL, '0000-00-00 00:00:00', '0000-00-00 00:00:00'),
(164, 164, 5, '2015-07-27', 5, 1, 0, 0, 0, NULL, '0000-00-00 00:00:00', '0000-00-00 00:00:00'),
(165, 165, 4, '2012-11-12', NULL, 1, 1, 1, 1, NULL, '0000-00-00 00:00:00', '0000-00-00 00:00:00'),
(166, 166, 4, '2014-03-24', 6, 0, 0, 1, 0, '2G Only / No data connection on site', '0000-00-00 00:00:00', '0000-00-00 00:00:00'),
(167, 167, 5, '2014-07-28', 5, 1, 1, 0, 0, NULL, '0000-00-00 00:00:00', '0000-00-00 00:00:00'),
(168, 168, 4, '2015-02-09', 5, 1, 1, 0, 0, NULL, '0000-00-00 00:00:00', '0000-00-00 00:00:00'),
(169, 169, 2, '2013-11-18', 6, 1, 1, 1, 1, NULL, '0000-00-00 00:00:00', '0000-00-00 00:00:00'),
(170, 170, 5, '2014-12-01', 7, 1, 1, 0, 0, NULL, '0000-00-00 00:00:00', '0000-00-00 00:00:00'),
(171, 171, 5, '2014-11-24', 10, 1, 1, 1, 0, NULL, '0000-00-00 00:00:00', '0000-00-00 00:00:00'),
(172, 172, 5, '2014-02-03', 14, 1, 1, 1, 1, NULL, '0000-00-00 00:00:00', '0000-00-00 00:00:00'),
(173, 173, 5, '2014-12-06', 6, 1, 0, 0, 0, NULL, '0000-00-00 00:00:00', '0000-00-00 00:00:00'),
(174, 174, 5, '2014-10-20', 7, 1, 0, 0, 0, NULL, '0000-00-00 00:00:00', '0000-00-00 00:00:00'),
(175, 175, 5, '2013-12-01', 25, 1, 0, 1, 1, NULL, '0000-00-00 00:00:00', '0000-00-00 00:00:00'),
(176, 176, 5, '2014-10-20', 7, 1, 1, 0, 0, NULL, '0000-00-00 00:00:00', '0000-00-00 00:00:00'),
(177, 177, 1, '2013-06-24', 4, 0, 0, 0, 0, '2G Only / No data connection on site', '0000-00-00 00:00:00', '0000-00-00 00:00:00'),
(178, 178, 5, '2013-08-22', 8, 0, 0, 0, 0, '2G Only / No data connection on site', '0000-00-00 00:00:00', '0000-00-00 00:00:00'),
(179, 179, 5, '2013-12-09', 5, 0, 0, 0, 0, '2G Only / No data connection on site', '0000-00-00 00:00:00', '0000-00-00 00:00:00'),
(180, 180, NULL, NULL, NULL, NULL, NULL, NULL, NULL, NULL, '2018-03-13 23:12:01', '2018-03-13 23:12:01'),
(183, 183, NULL, NULL, NULL, NULL, NULL, NULL, NULL, NULL, '2018-03-13 23:13:51', '2018-03-13 23:13:51');

-- --------------------------------------------------------

--
-- Table structure for table `trainings`
--

CREATE TABLE `trainings` (
  `id` int(10) UNSIGNED NOT NULL,
  `facility_id` int(11) NOT NULL,
  `date_of_level_1` date DEFAULT NULL,
  `date_of_level_5` date DEFAULT NULL,
  `date_of_level_2` date DEFAULT NULL,
  `date_of_level_3` date DEFAULT NULL,
  `date_of_level_4` date DEFAULT NULL,
  `created_at` timestamp NULL DEFAULT NULL,
  `updated_at` timestamp NULL DEFAULT NULL
) ENGINE=InnoDB DEFAULT CHARSET=utf8mb4 COLLATE=utf8mb4_unicode_ci;

--
-- Dumping data for table `trainings`
--

INSERT INTO `trainings` (`id`, `facility_id`, `date_of_level_1`, `date_of_level_5`, `date_of_level_2`, `date_of_level_3`, `date_of_level_4`, `created_at`, `updated_at`) VALUES
(1, 1, '2012-10-15', NULL, NULL, NULL, NULL, '0000-00-00 00:00:00', '0000-00-00 00:00:00'),
(2, 2, '2015-06-08', NULL, '2016-05-30', NULL, NULL, '0000-00-00 00:00:00', '0000-00-00 00:00:00'),
(3, 3, '2015-07-06', NULL, '2016-10-10', NULL, NULL, '0000-00-00 00:00:00', '0000-00-00 00:00:00'),
(4, 4, '2016-10-17', NULL, NULL, NULL, NULL, '0000-00-00 00:00:00', '0000-00-00 00:00:00'),
(5, 5, '2014-11-24', NULL, '2015-11-16', NULL, NULL, '0000-00-00 00:00:00', '0000-00-00 00:00:00'),
(6, 6, '2015-09-21', NULL, '2016-10-10', NULL, NULL, '0000-00-00 00:00:00', '0000-00-00 00:00:00'),
(7, 7, '2013-10-21', NULL, '2014-03-10', '2015-06-01', NULL, '0000-00-00 00:00:00', '0000-00-00 00:00:00'),
(8, 8, '2015-02-23', NULL, '2015-09-14', NULL, NULL, '0000-00-00 00:00:00', '0000-00-00 00:00:00'),
(9, 9, '2016-01-11', NULL, NULL, NULL, NULL, '0000-00-00 00:00:00', '0000-00-00 00:00:00'),
(10, 10, '2015-08-03', NULL, '2016-04-11', NULL, NULL, '0000-00-00 00:00:00', '0000-00-00 00:00:00'),
(11, 11, '2015-03-09', NULL, '2015-10-19', NULL, NULL, '0000-00-00 00:00:00', '0000-00-00 00:00:00'),
(12, 12, '2016-08-01', NULL, NULL, NULL, NULL, '0000-00-00 00:00:00', '0000-00-00 00:00:00'),
(13, 13, '2014-12-01', NULL, '2015-06-15', NULL, NULL, '0000-00-00 00:00:00', '0000-00-00 00:00:00'),
(14, 14, '2016-12-12', NULL, NULL, NULL, NULL, '0000-00-00 00:00:00', '0000-00-00 00:00:00'),
(15, 15, '2015-02-02', NULL, '2015-11-09', NULL, NULL, '0000-00-00 00:00:00', '0000-00-00 00:00:00'),
(16, 16, '2016-01-04', NULL, '2016-10-24', NULL, NULL, '0000-00-00 00:00:00', '0000-00-00 00:00:00'),
(17, 17, '2016-04-11', NULL, '2016-08-22', NULL, NULL, '0000-00-00 00:00:00', '0000-00-00 00:00:00'),
(18, 18, '2017-02-27', NULL, NULL, NULL, NULL, '0000-00-00 00:00:00', '0000-00-00 00:00:00'),
(19, 19, '2016-12-05', NULL, '2017-05-02', NULL, NULL, '0000-00-00 00:00:00', '0000-00-00 00:00:00'),
(20, 20, '2016-02-29', NULL, '2017-03-20', NULL, NULL, '0000-00-00 00:00:00', '0000-00-00 00:00:00'),
(21, 21, '2013-11-17', NULL, '2014-03-17', NULL, NULL, '0000-00-00 00:00:00', '0000-00-00 00:00:00'),
(22, 22, '2017-02-21', NULL, NULL, NULL, NULL, '0000-00-00 00:00:00', '0000-00-00 00:00:00'),
(23, 23, '2017-02-07', NULL, NULL, NULL, NULL, '0000-00-00 00:00:00', '0000-00-00 00:00:00'),
(24, 24, '2016-02-22', NULL, NULL, NULL, NULL, '0000-00-00 00:00:00', '0000-00-00 00:00:00'),
(25, 25, '2016-02-22', NULL, NULL, NULL, NULL, '0000-00-00 00:00:00', '0000-00-00 00:00:00'),
(26, 26, '2015-03-03', NULL, NULL, NULL, NULL, '0000-00-00 00:00:00', '0000-00-00 00:00:00'),
(27, 27, '2016-04-12', NULL, NULL, NULL, NULL, '0000-00-00 00:00:00', '0000-00-00 00:00:00'),
(28, 28, '2017-11-13', NULL, NULL, NULL, NULL, '0000-00-00 00:00:00', '0000-00-00 00:00:00'),
(29, 29, '2017-07-07', NULL, NULL, NULL, NULL, '0000-00-00 00:00:00', '0000-00-00 00:00:00'),
(30, 30, '2016-10-26', NULL, NULL, NULL, NULL, '0000-00-00 00:00:00', '0000-00-00 00:00:00'),
(31, 31, '2017-02-28', NULL, NULL, NULL, NULL, '0000-00-00 00:00:00', '0000-00-00 00:00:00'),
(32, 32, '2017-02-28', NULL, NULL, NULL, NULL, '0000-00-00 00:00:00', '0000-00-00 00:00:00'),
(33, 33, '2014-06-24', NULL, '2016-09-28', NULL, NULL, '0000-00-00 00:00:00', '0000-00-00 00:00:00'),
(34, 34, '2014-06-24', NULL, '2016-09-28', NULL, NULL, '0000-00-00 00:00:00', '0000-00-00 00:00:00'),
(35, 35, '2014-08-01', NULL, '2016-11-22', NULL, NULL, '0000-00-00 00:00:00', '0000-00-00 00:00:00'),
(36, 36, '2016-02-02', NULL, '2016-11-08', NULL, NULL, '0000-00-00 00:00:00', '0000-00-00 00:00:00'),
(37, 37, NULL, NULL, NULL, NULL, NULL, '0000-00-00 00:00:00', '0000-00-00 00:00:00'),
(38, 38, '2014-06-24', NULL, '2016-12-06', NULL, NULL, '0000-00-00 00:00:00', '0000-00-00 00:00:00'),
(39, 39, '2017-03-28', NULL, NULL, NULL, NULL, '0000-00-00 00:00:00', '0000-00-00 00:00:00'),
(40, 40, '2017-01-17', NULL, NULL, NULL, NULL, '0000-00-00 00:00:00', '0000-00-00 00:00:00'),
(41, 41, '2016-04-04', NULL, '2016-11-29', NULL, NULL, '0000-00-00 00:00:00', '0000-00-00 00:00:00'),
(42, 42, '2017-06-27', NULL, NULL, NULL, NULL, '0000-00-00 00:00:00', '0000-00-00 00:00:00'),
(43, 43, '2017-04-24', NULL, NULL, NULL, NULL, '0000-00-00 00:00:00', '0000-00-00 00:00:00'),
(44, 44, '2015-07-13', NULL, NULL, NULL, NULL, '0000-00-00 00:00:00', '0000-00-00 00:00:00'),
(45, 45, '2017-03-21', NULL, NULL, NULL, NULL, '0000-00-00 00:00:00', '0000-00-00 00:00:00'),
(46, 46, '2015-04-14', NULL, '2016-11-22', NULL, NULL, '0000-00-00 00:00:00', '0000-00-00 00:00:00'),
(47, 47, '2016-03-14', NULL, NULL, NULL, NULL, '0000-00-00 00:00:00', '0000-00-00 00:00:00'),
(48, 48, '2016-01-12', NULL, '2016-07-11', NULL, NULL, '0000-00-00 00:00:00', '0000-00-00 00:00:00'),
(49, 49, '2014-02-10', NULL, '2014-08-24', NULL, NULL, '0000-00-00 00:00:00', '0000-00-00 00:00:00'),
(50, 50, '2016-03-07', NULL, '2016-07-11', NULL, NULL, '0000-00-00 00:00:00', '0000-00-00 00:00:00'),
(51, 51, '2014-02-10', NULL, '2014-08-24', NULL, NULL, '0000-00-00 00:00:00', '0000-00-00 00:00:00'),
(52, 52, '2014-02-10', NULL, '2014-08-24', NULL, NULL, '0000-00-00 00:00:00', '0000-00-00 00:00:00'),
(53, 53, '2014-02-10', NULL, '2014-08-24', NULL, NULL, '0000-00-00 00:00:00', '0000-00-00 00:00:00'),
(54, 54, '2016-03-07', NULL, '2016-07-11', NULL, NULL, '0000-00-00 00:00:00', '0000-00-00 00:00:00'),
(55, 55, '2016-03-07', NULL, '2016-07-11', NULL, NULL, '0000-00-00 00:00:00', '0000-00-00 00:00:00'),
(56, 56, '2014-02-10', NULL, '2014-08-24', NULL, NULL, '0000-00-00 00:00:00', '0000-00-00 00:00:00'),
(57, 57, '2014-02-10', NULL, '2014-08-24', NULL, NULL, '0000-00-00 00:00:00', '0000-00-00 00:00:00'),
(58, 58, '2014-02-10', NULL, '2014-08-24', NULL, NULL, '0000-00-00 00:00:00', '0000-00-00 00:00:00'),
(59, 59, '2017-02-01', NULL, NULL, NULL, NULL, '0000-00-00 00:00:00', '0000-00-00 00:00:00'),
(60, 60, '2014-02-10', NULL, '2014-08-24', NULL, NULL, '0000-00-00 00:00:00', '0000-00-00 00:00:00'),
(61, 61, NULL, NULL, NULL, NULL, NULL, '0000-00-00 00:00:00', '0000-00-00 00:00:00'),
(62, 62, '2016-03-07', NULL, '2016-07-11', NULL, NULL, '0000-00-00 00:00:00', '0000-00-00 00:00:00'),
(63, 63, '2016-01-12', NULL, '2016-07-11', NULL, NULL, '0000-00-00 00:00:00', '0000-00-00 00:00:00'),
(64, 64, '2014-07-21', NULL, '2015-04-27', NULL, NULL, '0000-00-00 00:00:00', '0000-00-00 00:00:00'),
(65, 65, '2017-11-20', NULL, NULL, NULL, NULL, '0000-00-00 00:00:00', '0000-00-00 00:00:00'),
(66, 66, '2017-08-22', NULL, NULL, NULL, NULL, '0000-00-00 00:00:00', '0000-00-00 00:00:00'),
(67, 67, '2017-11-13', NULL, NULL, NULL, NULL, '0000-00-00 00:00:00', '0000-00-00 00:00:00'),
(68, 68, '2017-06-13', NULL, NULL, NULL, NULL, '0000-00-00 00:00:00', '0000-00-00 00:00:00'),
(69, 69, '2017-06-13', NULL, NULL, NULL, NULL, '0000-00-00 00:00:00', '0000-00-00 00:00:00'),
(70, 70, '2017-06-13', NULL, NULL, NULL, NULL, '0000-00-00 00:00:00', '0000-00-00 00:00:00'),
(71, 71, '2016-12-12', NULL, NULL, NULL, NULL, '0000-00-00 00:00:00', '0000-00-00 00:00:00'),
(72, 72, '2016-12-12', NULL, NULL, NULL, NULL, '0000-00-00 00:00:00', '0000-00-00 00:00:00'),
(73, 73, '2012-03-23', NULL, '2012-08-24', '2013-04-11', NULL, '0000-00-00 00:00:00', '0000-00-00 00:00:00'),
(74, 74, '2012-09-14', NULL, '2013-01-01', NULL, NULL, '0000-00-00 00:00:00', '0000-00-00 00:00:00'),
(75, 75, '2012-09-14', NULL, '2013-01-01', NULL, NULL, '0000-00-00 00:00:00', '0000-00-00 00:00:00'),
(76, 76, '2012-10-06', NULL, '2013-06-11', NULL, '2015-10-14', '0000-00-00 00:00:00', '0000-00-00 00:00:00'),
(77, 77, '2011-11-11', NULL, '2012-06-15', NULL, NULL, '0000-00-00 00:00:00', '0000-00-00 00:00:00'),
(78, 78, '2012-01-09', NULL, '2012-06-15', NULL, NULL, '0000-00-00 00:00:00', '0000-00-00 00:00:00'),
(79, 79, '2012-05-09', NULL, '2012-09-07', NULL, NULL, '0000-00-00 00:00:00', '0000-00-00 00:00:00'),
(80, 80, '2013-06-10', NULL, '2013-09-09', NULL, NULL, '0000-00-00 00:00:00', '0000-00-00 00:00:00'),
(81, 81, '2012-05-18', NULL, '2012-09-21', NULL, NULL, '0000-00-00 00:00:00', '0000-00-00 00:00:00'),
(82, 82, '2013-02-25', NULL, '2013-07-01', NULL, NULL, '0000-00-00 00:00:00', '0000-00-00 00:00:00'),
(83, 83, '2013-06-10', NULL, '2013-08-14', NULL, NULL, '0000-00-00 00:00:00', '0000-00-00 00:00:00'),
(84, 84, '2013-05-27', NULL, '2013-10-07', NULL, NULL, '0000-00-00 00:00:00', '0000-00-00 00:00:00'),
(85, 85, '2013-05-27', NULL, '2013-09-19', NULL, NULL, '0000-00-00 00:00:00', '0000-00-00 00:00:00'),
(86, 86, '2013-05-27', NULL, '2013-09-24', NULL, NULL, '0000-00-00 00:00:00', '0000-00-00 00:00:00'),
(87, 87, '2013-04-15', NULL, '2014-08-28', NULL, NULL, '0000-00-00 00:00:00', '0000-00-00 00:00:00'),
(88, 88, '2013-02-25', NULL, '2013-07-01', NULL, NULL, '0000-00-00 00:00:00', '0000-00-00 00:00:00'),
(89, 89, '2012-06-29', NULL, '2012-09-21', NULL, NULL, '0000-00-00 00:00:00', '0000-00-00 00:00:00'),
(90, 90, '2013-06-24', NULL, '2014-01-24', NULL, NULL, '0000-00-00 00:00:00', '0000-00-00 00:00:00'),
(91, 91, '2012-12-05', NULL, '2013-04-16', NULL, NULL, '0000-00-00 00:00:00', '0000-00-00 00:00:00'),
(92, 92, '2009-10-01', NULL, '2010-01-01', '2011-11-18', NULL, '0000-00-00 00:00:00', '0000-00-00 00:00:00'),
(93, 93, '2011-03-01', NULL, '2012-06-12', NULL, NULL, '0000-00-00 00:00:00', '0000-00-00 00:00:00'),
(94, 94, '2011-04-01', NULL, '2012-06-08', '2013-02-15', NULL, '0000-00-00 00:00:00', '0000-00-00 00:00:00'),
(95, 95, '2011-10-14', NULL, '2012-06-01', NULL, NULL, '0000-00-00 00:00:00', '0000-00-00 00:00:00'),
(96, 96, '2011-11-09', NULL, '2012-06-12', NULL, NULL, '0000-00-00 00:00:00', '0000-00-00 00:00:00'),
(97, 97, '2012-03-16', NULL, '2012-06-19', '2013-03-26', NULL, '0000-00-00 00:00:00', '0000-00-00 00:00:00'),
(98, 98, '2017-01-25', NULL, '2017-01-25', NULL, NULL, '0000-00-00 00:00:00', '0000-00-00 00:00:00'),
(99, 99, '2011-12-13', NULL, '2012-05-31', '2013-02-21', NULL, '0000-00-00 00:00:00', '0000-00-00 00:00:00'),
(100, 100, '2009-09-01', NULL, '2009-12-01', '2012-01-19', '2014-08-01', '0000-00-00 00:00:00', '0000-00-00 00:00:00'),
(101, 101, '2013-02-25', NULL, '2013-07-01', NULL, NULL, '0000-00-00 00:00:00', '0000-00-00 00:00:00'),
(102, 102, '2012-06-13', NULL, '2012-09-28', NULL, NULL, '0000-00-00 00:00:00', '0000-00-00 00:00:00'),
(103, 103, '2012-07-20', NULL, '2012-12-01', NULL, NULL, '0000-00-00 00:00:00', '0000-00-00 00:00:00'),
(104, 104, '2012-02-17', NULL, '2012-06-13', '2013-05-02', NULL, '0000-00-00 00:00:00', '0000-00-00 00:00:00'),
(105, 105, '2012-07-27', NULL, '2013-01-01', NULL, NULL, '0000-00-00 00:00:00', '0000-00-00 00:00:00'),
(106, 106, '2012-09-07', NULL, '2013-01-18', NULL, NULL, '0000-00-00 00:00:00', '0000-00-00 00:00:00'),
(107, 107, '2012-07-27', NULL, '2013-01-01', NULL, NULL, '0000-00-00 00:00:00', '0000-00-00 00:00:00'),
(108, 108, '2009-03-01', NULL, '2009-11-01', NULL, NULL, '0000-00-00 00:00:00', '0000-00-00 00:00:00'),
(109, 109, '2011-12-01', NULL, '2012-06-26', NULL, NULL, '0000-00-00 00:00:00', '0000-00-00 00:00:00'),
(110, 110, NULL, NULL, NULL, NULL, NULL, '0000-00-00 00:00:00', '0000-00-00 00:00:00'),
(111, 111, '2016-04-04', NULL, '2016-08-22', NULL, NULL, '0000-00-00 00:00:00', '0000-00-00 00:00:00'),
(112, 112, '2016-11-07', NULL, NULL, NULL, NULL, '0000-00-00 00:00:00', '0000-00-00 00:00:00'),
(113, 113, NULL, NULL, NULL, NULL, NULL, '0000-00-00 00:00:00', '0000-00-00 00:00:00'),
(114, 114, '2017-04-24', NULL, NULL, NULL, NULL, '0000-00-00 00:00:00', '0000-00-00 00:00:00'),
(115, 115, '2017-02-06', NULL, NULL, NULL, NULL, '0000-00-00 00:00:00', '0000-00-00 00:00:00'),
(116, 116, '2017-08-14', NULL, NULL, NULL, NULL, '0000-00-00 00:00:00', '0000-00-00 00:00:00'),
(117, 117, '2017-04-24', NULL, NULL, NULL, NULL, '0000-00-00 00:00:00', '0000-00-00 00:00:00'),
(118, 118, '2014-08-26', NULL, '2016-10-03', NULL, NULL, '0000-00-00 00:00:00', '0000-00-00 00:00:00'),
(119, 119, '2014-08-18', NULL, '2015-02-09', NULL, NULL, '0000-00-00 00:00:00', '0000-00-00 00:00:00'),
(120, 120, '2016-10-24', NULL, NULL, NULL, NULL, '0000-00-00 00:00:00', '0000-00-00 00:00:00'),
(121, 121, '2016-02-08', NULL, '2016-10-19', NULL, NULL, '0000-00-00 00:00:00', '0000-00-00 00:00:00'),
(122, 122, '2013-08-12', NULL, '2013-12-01', '2014-04-28', NULL, '0000-00-00 00:00:00', '0000-00-00 00:00:00'),
(123, 123, '2013-08-12', NULL, NULL, NULL, NULL, '0000-00-00 00:00:00', '0000-00-00 00:00:00'),
(124, 124, '2013-08-12', NULL, '2013-12-01', '2014-05-05', '2015-06-22', '0000-00-00 00:00:00', '0000-00-00 00:00:00'),
(125, 125, '2013-01-14', NULL, '2013-07-01', '2015-05-04', NULL, '0000-00-00 00:00:00', '0000-00-00 00:00:00'),
(126, 126, '2014-09-23', NULL, '2015-05-04', NULL, NULL, '0000-00-00 00:00:00', '0000-00-00 00:00:00'),
(127, 127, '2014-06-02', NULL, '2014-10-06', '2015-05-04', '2015-05-04', '0000-00-00 00:00:00', '0000-00-00 00:00:00'),
(128, 128, '2014-08-18', NULL, '2015-05-11', NULL, NULL, '0000-00-00 00:00:00', '0000-00-00 00:00:00'),
(129, 129, '2014-08-18', NULL, '2015-05-11', NULL, NULL, '0000-00-00 00:00:00', '0000-00-00 00:00:00'),
(130, 130, '2014-06-23', NULL, '2015-09-01', NULL, NULL, '0000-00-00 00:00:00', '0000-00-00 00:00:00'),
(131, 131, '2014-06-30', NULL, '2015-03-23', NULL, NULL, '0000-00-00 00:00:00', '0000-00-00 00:00:00'),
(132, 132, '2017-10-09', NULL, NULL, NULL, NULL, '0000-00-00 00:00:00', '0000-00-00 00:00:00'),
(133, 133, '2015-03-16', NULL, '2015-11-30', NULL, NULL, '0000-00-00 00:00:00', '0000-00-00 00:00:00'),
(134, 134, '2014-04-07', NULL, '2015-08-23', NULL, NULL, '0000-00-00 00:00:00', '0000-00-00 00:00:00'),
(135, 135, '2012-12-10', NULL, '2013-07-05', '2014-03-31', NULL, '0000-00-00 00:00:00', '0000-00-00 00:00:00'),
(136, 136, '2012-12-17', NULL, '2014-07-14', NULL, NULL, '0000-00-00 00:00:00', '0000-00-00 00:00:00'),
(137, 137, '2014-06-19', NULL, '2015-06-15', NULL, NULL, '0000-00-00 00:00:00', '0000-00-00 00:00:00'),
(138, 138, '2015-11-16', NULL, NULL, NULL, NULL, '0000-00-00 00:00:00', '0000-00-00 00:00:00'),
(139, 139, '2015-05-18', NULL, NULL, NULL, NULL, '0000-00-00 00:00:00', '0000-00-00 00:00:00'),
(140, 140, '2014-06-30', NULL, '2015-06-22', NULL, NULL, '0000-00-00 00:00:00', '0000-00-00 00:00:00'),
(141, 141, '2015-06-08', NULL, NULL, NULL, NULL, '0000-00-00 00:00:00', '0000-00-00 00:00:00'),
(142, 142, '2014-08-18', NULL, '2015-11-09', NULL, NULL, '0000-00-00 00:00:00', '0000-00-00 00:00:00'),
(143, 143, '2016-01-18', NULL, NULL, NULL, NULL, '0000-00-00 00:00:00', '0000-00-00 00:00:00'),
(144, 144, '2015-01-26', NULL, '2015-08-24', NULL, NULL, '0000-00-00 00:00:00', '0000-00-00 00:00:00'),
(145, 145, '2014-12-01', NULL, NULL, NULL, NULL, '0000-00-00 00:00:00', '0000-00-00 00:00:00'),
(146, 146, '2014-06-23', NULL, '2016-04-11', NULL, NULL, '0000-00-00 00:00:00', '0000-00-00 00:00:00'),
(147, 147, '2016-01-25', NULL, NULL, NULL, NULL, '0000-00-00 00:00:00', '0000-00-00 00:00:00'),
(148, 148, '2016-04-04', NULL, NULL, NULL, NULL, '0000-00-00 00:00:00', '0000-00-00 00:00:00'),
(149, 149, '2015-03-09', NULL, '2015-11-23', NULL, NULL, '0000-00-00 00:00:00', '0000-00-00 00:00:00'),
(150, 150, '2014-06-16', NULL, '2015-10-05', NULL, NULL, '0000-00-00 00:00:00', '0000-00-00 00:00:00'),
(151, 151, '2015-01-19', NULL, '2015-10-12', NULL, NULL, '0000-00-00 00:00:00', '0000-00-00 00:00:00'),
(152, 152, '2015-01-12', NULL, NULL, NULL, NULL, '0000-00-00 00:00:00', '0000-00-00 00:00:00'),
(153, 153, '2014-07-28', NULL, '2015-03-09', NULL, NULL, '0000-00-00 00:00:00', '0000-00-00 00:00:00'),
(154, 154, '2015-01-26', NULL, '2015-11-16', NULL, NULL, '0000-00-00 00:00:00', '0000-00-00 00:00:00'),
(155, 155, '2015-11-30', NULL, '2016-11-05', NULL, NULL, '0000-00-00 00:00:00', '0000-00-00 00:00:00'),
(156, 156, '2015-02-23', NULL, NULL, NULL, NULL, '0000-00-00 00:00:00', '0000-00-00 00:00:00'),
(157, 157, '2014-03-10', NULL, '2014-08-04', NULL, NULL, '0000-00-00 00:00:00', '0000-00-00 00:00:00'),
(158, 158, '2016-11-21', NULL, NULL, NULL, NULL, '0000-00-00 00:00:00', '0000-00-00 00:00:00'),
(159, 159, '2014-12-05', NULL, NULL, NULL, NULL, '0000-00-00 00:00:00', '0000-00-00 00:00:00'),
(160, 160, '2015-02-16', NULL, '2016-11-28', NULL, NULL, '0000-00-00 00:00:00', '0000-00-00 00:00:00'),
(161, 161, '2014-06-30', NULL, '2015-05-25', NULL, NULL, '0000-00-00 00:00:00', '0000-00-00 00:00:00'),
(162, 162, '2015-07-20', NULL, '2016-11-28', NULL, NULL, '0000-00-00 00:00:00', '0000-00-00 00:00:00'),
(163, 163, '2015-07-20', NULL, NULL, NULL, NULL, '0000-00-00 00:00:00', '0000-00-00 00:00:00'),
(164, 164, '2015-07-27', NULL, '2016-12-12', NULL, NULL, '0000-00-00 00:00:00', '0000-00-00 00:00:00'),
(165, 165, '2012-11-12', NULL, '2013-04-09', '2013-07-29', '2015-04-01', '0000-00-00 00:00:00', '0000-00-00 00:00:00'),
(166, 166, '2014-03-24', NULL, '2014-08-04', NULL, NULL, '0000-00-00 00:00:00', '0000-00-00 00:00:00'),
(167, 167, '2014-07-28', NULL, '2015-03-16', NULL, NULL, '0000-00-00 00:00:00', '0000-00-00 00:00:00'),
(168, 168, '2015-02-09', NULL, NULL, NULL, NULL, '0000-00-00 00:00:00', '0000-00-00 00:00:00'),
(169, 169, '2013-11-18', NULL, '2014-03-31', '2014-08-04', NULL, '0000-00-00 00:00:00', '0000-00-00 00:00:00'),
(170, 170, '2014-12-01', NULL, '2015-10-12', NULL, NULL, '0000-00-00 00:00:00', '0000-00-00 00:00:00'),
(171, 171, '2014-11-24', NULL, NULL, NULL, NULL, '0000-00-00 00:00:00', '0000-00-00 00:00:00'),
(172, 172, '2014-02-03', NULL, '2014-05-19', '2015-01-05', NULL, '0000-00-00 00:00:00', '0000-00-00 00:00:00'),
(173, 173, '2014-12-06', NULL, NULL, NULL, NULL, '0000-00-00 00:00:00', '0000-00-00 00:00:00'),
(174, 174, '2014-10-20', NULL, '2016-08-22', NULL, NULL, '0000-00-00 00:00:00', '0000-00-00 00:00:00'),
(175, 175, '2013-12-01', NULL, '2014-04-27', '2016-03-22', '2015-08-10', '0000-00-00 00:00:00', '0000-00-00 00:00:00'),
(176, 176, '2014-10-20', NULL, '2015-08-17', NULL, NULL, '0000-00-00 00:00:00', '0000-00-00 00:00:00'),
(177, 177, '2013-06-24', NULL, NULL, NULL, NULL, '0000-00-00 00:00:00', '0000-00-00 00:00:00'),
(178, 178, '2013-08-22', NULL, '2013-12-16', NULL, NULL, '0000-00-00 00:00:00', '0000-00-00 00:00:00'),
(179, 179, '2013-12-09', NULL, '2014-06-02', NULL, NULL, '0000-00-00 00:00:00', '0000-00-00 00:00:00'),
(180, 180, NULL, NULL, NULL, NULL, NULL, '2018-03-13 23:12:01', '2018-03-13 23:12:01'),
(183, 183, NULL, NULL, NULL, NULL, NULL, '2018-03-13 23:13:51', '2018-03-13 23:13:51');

-- --------------------------------------------------------

--
-- Table structure for table `training_modules`
--

CREATE TABLE `training_modules` (
  `id` int(10) UNSIGNED NOT NULL,
  `name` varchar(191) COLLATE utf8mb4_unicode_ci NOT NULL,
  `created_at` timestamp NULL DEFAULT NULL,
  `updated_at` timestamp NULL DEFAULT NULL
) ENGINE=InnoDB DEFAULT CHARSET=utf8mb4 COLLATE=utf8mb4_unicode_ci;

--
-- Dumping data for table `training_modules`
--

INSERT INTO `training_modules` (`id`, `name`, `created_at`, `updated_at`) VALUES
(1, 'Level 1', '2018-02-01 17:04:29', '2018-02-01 17:04:29'),
(2, 'Level 2', '2018-02-01 17:04:29', '2018-02-01 17:04:29'),
(3, 'Level 3', '2018-02-01 17:04:29', '2018-02-01 17:04:29'),
(4, 'Level 4', '2018-02-01 17:04:29', '2018-02-01 17:04:29'),
(5, 'Level 5', '2018-04-29 17:38:55', '2018-04-29 17:38:55');

-- --------------------------------------------------------

--
-- Table structure for table `users`
--

CREATE TABLE `users` (
  `id` int(10) UNSIGNED NOT NULL,
  `user_type_id` int(11) NOT NULL,
  `username` varchar(191) COLLATE utf8mb4_unicode_ci NOT NULL,
  `first_name` varchar(191) COLLATE utf8mb4_unicode_ci NOT NULL,
  `last_name` varchar(191) COLLATE utf8mb4_unicode_ci DEFAULT NULL,
  `email` varchar(191) COLLATE utf8mb4_unicode_ci DEFAULT NULL,
  `contact_no` varchar(191) COLLATE utf8mb4_unicode_ci DEFAULT NULL,
  `initial_password` varchar(191) COLLATE utf8mb4_unicode_ci NOT NULL,
  `password` varchar(191) COLLATE utf8mb4_unicode_ci NOT NULL,
  `remember_token` varchar(100) COLLATE utf8mb4_unicode_ci DEFAULT NULL,
  `created_at` timestamp NULL DEFAULT NULL,
  `updated_at` timestamp NULL DEFAULT NULL
) ENGINE=InnoDB DEFAULT CHARSET=utf8mb4 COLLATE=utf8mb4_unicode_ci;

--
-- Dumping data for table `users`
--

INSERT INTO `users` (`id`, `user_type_id`, `username`, `first_name`, `last_name`, `email`, `contact_no`, `initial_password`, `password`, `remember_token`, `created_at`, `updated_at`) VALUES
(1, 1, 'user', 'Siong', 'Esteban', NULL, NULL, 'Ssiioonngg0527__', '$2y$10$rhcqNHSqW9dqHImYGaez5et95hM.UIuM6RakNw9EEo3KYyOjCQ81i', 'b5qErJrplmwm3R1r62F6ixpCjOMMfsBbadonJXMM9rIb34sPUAB8xz4cVTJ5', '2018-02-02 03:37:18', '2018-04-29 02:25:39'),
(7, 2, 'cB1kpY11', 'Kevin', NULL, NULL, NULL, 'YKort7M6', '$2y$10$/gBTvZbhJWbqVTt/4kzE5uXuXDgogYlNaTf3FKaDvSfZVhtTymyda', 'eDVyYG1Lrb58BsN4ao7pLQe4SGlzgxKeWng4KazrzvFaVYS27lnC4dGPVs22', '2018-02-02 03:44:11', '2018-02-02 03:44:11'),
(8, 2, 'BBmMfbsw', 'Edison', NULL, NULL, NULL, 'QZQjhANB', '$2y$10$HXwnSsSZViFLezPFFK2/u.SJxDSe9hmh/0yMxuExV9j.TYhBY/jZ6', NULL, '2018-02-02 03:44:12', '2018-02-02 03:44:12'),
(9, 2, 'VtYrOcgy', 'Rolly', NULL, NULL, NULL, 'hVSHi3rQ', '$2y$10$ILe69PBsLjZQRU3sIFmicepHNshifDBxs3BxOT9hV4c9x.cKJ3W9K', NULL, '2018-02-02 03:44:12', '2018-02-02 03:44:12'),
(10, 2, 'Ghk1RTn9', 'Aljon', NULL, NULL, NULL, 'US7MMHAI', '$2y$10$fU8.oZzyBqXB1XU3kDMspOvzfuiyyVdp0KlINfq/yty4eoOQRpkHy', NULL, '2018-02-02 03:44:12', '2018-02-02 03:44:12'),
(11, 2, 'annatot', 'AnnaKatrina', 'Yturralde', 'annatotz25@gmail.com', '09157552725', 'axjj0KQ3', '$2y$10$/UQBc5INqIhZhacYiC3uJ.5jrZXnx9HAKUTNWn8rtcqmZ1ztAgYQS', NULL, '2018-02-02 03:44:12', '2018-03-13 00:24:15'),
(12, 2, 'francis', 'Francis', 'Gamboa', 'francisgamboa30@gmail.com', '09171561760', 'JurGgIun', '$2y$10$QmTyEcMIwAO3pRitQzDvP.75D/PUMhMYh0AAjH4j00jMiaqUH/pLG', 'jIv6Y3JeHOuwZ2nHX8hrKks3Vb9UFT5yPh6LaudPWXLU8y6sAPjfoWXbyq5v', '2018-02-02 03:44:12', '2018-03-22 20:08:01'),
(13, 2, 'kjscab', 'kjscab', NULL, 'kjscab@gmail.com', '09279943040', 'HlTYaP3K', '$2y$10$lqaU4pscaEB1ohTt5RyeD.rnu7wmZHyUTgfE.xUxYzOdWtVyHth1y', NULL, '2018-02-02 03:44:12', '2018-03-13 04:17:12'),
(16, 2, 'sherwin08', 'Shiela Mae', 'Madera', 'shielamaemadera01@gmail.com', '09176343143', 'pxn8XZxR', '$2y$10$55pmKE1meZ1320HIiK0x1u.6J0gnQ0K6aB3tlbhnnrpe.G/DMzucO', 'AnhltEmjiXTdBXLIdIXvVlNxxp9ZHUKmTiaqMxNITIPxlwqWE9B62uOAYTNY', '2018-02-02 03:44:13', '2018-03-12 19:23:57'),
(17, 2, '8EOPF4Te', 'Jayson', NULL, NULL, NULL, 't216lU9K', '$2y$10$YQ4xMdwEitTmAwGVQf0oIuAk8KVSAjlEplwJAHvPN7pEIVIF9lv3C', NULL, '2018-02-02 03:44:13', '2018-02-02 03:44:13'),
(18, 2, 'q3pdx3Hc', 'Roxanne', NULL, NULL, NULL, 'kVYwN0ZY', '$2y$10$fdkVPgjTk4UXj0oJycEtoejufxCztS8ztzEIH3ZDS12GGnYundeVa', NULL, '2018-02-02 03:44:13', '2018-02-02 03:44:13'),
(19, 2, 'NIsFFqBT', 'Siong', NULL, NULL, NULL, 'O65MNzId', '$2y$10$uHMbFqg1kjsU1cM7ZQ6JaeIpGjgNX6LgAroOClt5wW7xfXwY/fI2i', NULL, '2018-02-02 03:44:13', '2018-02-02 03:44:13'),
(20, 2, 'bWqt5NtD', 'Kim', NULL, NULL, NULL, 'OPFHINpO', '$2y$10$yusPsP0q6xsVjlcIPtyajebGNbCDU8IajhKB/EjJxo8i7oSEyULoK', NULL, '2018-02-02 03:44:13', '2018-02-02 03:44:13'),
(21, 1, 'admin', 'admin', 'admin', NULL, NULL, 'admin', '$2y$10$6vs29uuSzuX6TYhHo3l8iuAt8.LloDMXo/gMnRl0jyFaDaK2RNu7a', 'g7AQsSH7dflxDRxEMyTifj0wwWBn1d3grZaJDjA6H1p4hUHECiG3KWNHmOc8', '2018-02-14 21:32:05', '2018-03-22 20:21:46'),
(22, 2, 'b9CfJlbS', 'Lucas', NULL, NULL, NULL, 'jBq5SHvF', '$2y$10$CtyEzT7l0pAnuLDxiEH5a.758E7DzYA/XYtV2cghnpEnJRVEi1Vbe', NULL, '2018-02-18 03:56:47', '2018-02-18 03:56:47'),
(24, 1, 'Macquel', 'Macquel', 'Serrano', 'macquelmserrano@gmail.com', '+639178970596', 'GSvKY1Un', '$2y$10$a6u2IQ2.WnifKsKKkiSlqOPe/mXa4G31kD9PJ2VC2IfE.QctfVexy', 'aZ8oEQP8btQH155KjG16SafIz8JeHUgRiAoi2XAvdODOkgXsnPAd14Md732g', '2018-03-12 18:46:40', '2018-03-12 18:54:57'),
(25, 2, 'jhuvy0808', 'Jhuvy', 'Dizon', 'jhuvydizon08@gmail.com', '09176204128', '3h91Aqoo', '$2y$10$tnUTyMRnW1l/yz.r6dBhYeY2RjP64bi5gXuMsLo2bNyMwhtka0rUq', 'BrfCtXwIyfmoApxZuGduiiwB2OE1HBB22zwdHgLDivVmCQSOAVPipJmkGJgd', '2018-03-12 19:09:31', '2018-03-12 19:15:36'),
(26, 2, 'seann', 'Seann', 'Biag', 'roseann.biag@gmail.com', '09175290687', 'K1tYGiUZ', '$2y$10$lqA8QMwlYHC2psMND4GWUOcNEoqVJaAw9cFX4omgGr3uKP7hK8Nqm', 'zxqDDrfj67QVuPNiQKUIZyVKFTVrY4yof2m0xkfosrM9LxbfnwxAaREWBlTm', '2018-03-12 19:18:48', '2018-03-12 19:20:59'),
(27, 1, 'odDheJYf', 'OJT', 'STI', 'zapperhatz26@gmail.com', '090909090', 'gpYFMYr6', '$2y$10$WzmTJRzpyZ8i2UnHXi5Igux3GFjpTRbizLa/DDr4CCmn84s0YnXue', NULL, '2018-04-29 02:23:07', '2018-04-29 02:23:07'),
(28, 1, 'prince', 'John Vincent', 'Sy', 'syjohnvincent@yahoo.com', '09063622478', 'HUfImnXI', '$2y$10$EgN6Bs9fZJ8oA3g2yLVQfOdN6N8hEAW/qAFCxJx0lLVZ6F46OuDOS', NULL, '2018-04-29 17:34:00', '2018-04-29 17:48:49'),
(29, 1, ':>>>', 'i am pogi', 'syempre', 'pangetko@gmail.com', '091230912309', 'oeZMVXG7', '$2y$10$.dgCtn.DtKvO6u1hZZjcnOVzWQT/4okALpQQs2tSTzpP06o9qn5Ra', '8n7OUORPCw2GMnEhoI2IevSOSQQ9rE4qvNsaM7t5uyNndcJ3rI6BY74s7RQH', '2018-04-29 17:34:07', '2018-04-29 17:49:07'),
(31, 2, 'MlVQAWsG', 'jom', 'jom', 'jomhalynmaemiguel@gmail.com', '09123456789', 'ZIDBSIpx', '$2y$10$rHWu4yJyml6fiCEKbACRaOv7TXx9vCWkbp85kcwPPSxesnmlNr78.', '27fWL9T26cvxf1dTLOSvQUHbnBGy21ipaNBPK3qxrRHkJjtx3HYqx8qowjRs', '2018-04-30 00:23:16', '2018-04-30 00:23:16'),
(32, 1, 'IqM6Ur83', 'aaron', 'arellano', 'eyy.arellano35@gmail.com', '09167541819', '2bV7UeTq', '$2y$10$0tovtZTTfNEcZKSTo5cBgeBARk1o31EqbPGkLXZV2Hg9erzwq./Ra', 'tcUf6xB0c9I3NJQfMB02olZpEkchEmlv2ye4Zj7tQHDjJUvE5akb7RmUrWmw', '2018-05-09 21:32:10', '2018-05-09 21:32:10'),
(33, 2, '3jDRqm8V', 'eugene', 'galang', 'safads@com', 'dr32532453421', '6wKxJXc2', '$2y$10$1FRcTXXjlChz5C1lKkXwNOPYCgcNXdGCBJJh6faZ.NOqi4NtFy4UG', 'KqEPVnf1cckusCy8YGRiflEhECMzxf0gc4Ok3SaL0Ob9E2AKiUrTTt5xqhG5', '2018-05-09 22:28:36', '2018-05-09 22:28:36'),
(34, 0, '', 'Pey', NULL, NULL, NULL, '', '', NULL, NULL, NULL),
(35, 0, '', 'Mac', NULL, NULL, NULL, '', '', NULL, NULL, NULL),
(36, 0, '', 'Monic', NULL, NULL, NULL, '', '', NULL, NULL, NULL),
(37, 0, '', 'Jhuvy', NULL, NULL, NULL, '', '', NULL, NULL, NULL),
(38, 0, '', 'Francis', NULL, NULL, NULL, '', '', NULL, NULL, NULL),
(39, 0, '', 'Anna', NULL, NULL, NULL, '', '', NULL, NULL, NULL),
(40, 0, '', 'John', NULL, NULL, NULL, '', '', NULL, NULL, NULL),
(41, 0, '', 'Sheila', NULL, NULL, NULL, '', '', NULL, NULL, NULL),
(42, 0, '', 'Rose Ann', NULL, NULL, NULL, '', '', NULL, NULL, NULL),
(43, 0, '', 'Kevin', NULL, NULL, NULL, '', '', NULL, NULL, NULL),
(44, 0, '', 'Remar', NULL, NULL, NULL, '', '', NULL, NULL, NULL),
(45, 0, '', 'Edcel', NULL, NULL, NULL, '', '', NULL, NULL, NULL),
(46, 0, '', 'Myk', NULL, NULL, NULL, '', '', NULL, NULL, NULL),
(47, 0, '', 'Mark', NULL, NULL, NULL, '', '', NULL, NULL, NULL),
(48, 0, '', 'Eman', NULL, NULL, NULL, '', '', NULL, NULL, NULL),
(49, 0, '', 'Edison', NULL, NULL, NULL, '', '', NULL, NULL, NULL),
(50, 0, '', 'Diana', NULL, NULL, NULL, '', '', NULL, NULL, NULL);

-- --------------------------------------------------------

--
-- Table structure for table `user_permission_sets`
--

CREATE TABLE `user_permission_sets` (
  `id` int(10) UNSIGNED NOT NULL,
  `user_id` int(11) NOT NULL,
  `facility` tinyint(1) DEFAULT '0',
  `demography` tinyint(1) DEFAULT '0',
  `training` tinyint(1) DEFAULT '0',
  `technical` tinyint(1) DEFAULT '0',
  `stat` tinyint(1) DEFAULT '0',
  `finance` tinyint(1) DEFAULT '0',
  `legal` tinyint(1) DEFAULT '0',
  `report` tinyint(1) DEFAULT '0',
  `invoice` tinyint(1) DEFAULT '0',
  `created_at` timestamp NULL DEFAULT NULL,
  `updated_at` timestamp NULL DEFAULT NULL
) ENGINE=InnoDB DEFAULT CHARSET=utf8mb4 COLLATE=utf8mb4_unicode_ci;

--
-- Dumping data for table `user_permission_sets`
--

INSERT INTO `user_permission_sets` (`id`, `user_id`, `facility`, `demography`, `training`, `technical`, `stat`, `finance`, `legal`, `report`, `invoice`, `created_at`, `updated_at`) VALUES
(1, 1, 1, 0, 0, 0, 0, 0, 0, 0, 0, NULL, NULL),
(6, 7, 0, 0, 0, 0, 1, 0, 0, 0, 0, '2018-01-29 21:44:15', '2018-01-29 21:45:30'),
(7, 8, 0, 0, 0, 0, 1, 0, 0, 0, 0, '2018-01-29 21:44:33', '2018-01-29 21:45:32'),
(8, 9, 0, 0, 0, 0, 1, 0, 0, 0, 0, '2018-01-29 21:44:40', '2018-01-29 21:45:34'),
(9, 10, 0, 0, 0, 0, 1, 0, 0, 0, 0, '2018-01-29 21:44:49', '2018-01-29 21:45:37'),
(10, 11, 0, 0, 0, 0, 0, 0, 0, 1, 0, '2018-01-29 23:38:35', '2018-01-29 23:45:10'),
(11, 12, 0, 1, 1, 1, 1, 1, 1, 1, 1, '2018-01-29 23:38:42', '2018-03-22 20:18:12'),
(12, 13, 0, 0, 0, 0, 0, 0, 0, 1, 0, '2018-01-29 23:38:49', '2018-01-29 23:45:14'),
(15, 16, 0, 0, 0, 0, 0, 0, 0, 1, 0, '2018-01-29 23:39:09', '2018-01-29 23:45:20'),
(16, 17, 0, 0, 0, 0, 0, 0, 0, 1, 0, '2018-01-29 23:40:16', '2018-01-29 23:45:22'),
(17, 18, 0, 0, 0, 0, 0, 0, 0, 1, 0, '2018-01-29 23:40:38', '2018-01-29 23:45:24'),
(18, 19, 0, 0, 0, 0, 0, 0, 0, 1, 0, '2018-01-29 23:40:46', '2018-01-29 23:45:27'),
(19, 20, 0, 0, 0, 0, 0, 0, 0, 1, 0, '2018-01-29 23:41:00', '2018-01-29 23:45:29'),
(20, 21, 0, 0, 0, 0, 0, 0, 0, 0, 0, '2018-02-14 21:32:05', '2018-02-14 21:32:05'),
(21, 22, 0, 0, 0, 0, 0, 0, 0, 0, 0, '2018-02-18 03:56:47', '2018-02-18 03:56:47'),
(23, 24, 0, 0, 0, 0, 0, 0, 0, 0, 0, '2018-03-12 18:46:40', '2018-03-12 18:46:40'),
(24, 25, 0, 0, 0, 0, 0, 1, 1, 0, 1, '2018-03-12 19:09:31', '2018-03-12 19:16:49'),
(25, 26, 0, 1, 1, 1, 0, 1, 1, 1, 1, '2018-03-12 19:18:48', '2018-03-13 23:02:35'),
(26, 27, 0, 0, 0, 0, 0, 0, 0, 0, 0, '2018-04-29 02:23:07', '2018-04-29 02:23:07'),
(27, 28, 0, 0, 0, 0, 0, 0, 0, 0, 0, '2018-04-29 17:34:00', '2018-04-29 17:34:00'),
(28, 29, 0, 0, 0, 0, 0, 0, 0, 0, 0, '2018-04-29 17:34:07', '2018-04-29 17:34:07'),
(30, 31, 0, 0, 0, 0, 0, 0, 0, 1, 0, '2018-04-30 00:23:16', '2018-04-30 00:26:00'),
(31, 32, 0, 0, 0, 0, 0, 0, 0, 0, 0, '2018-05-09 21:32:10', '2018-05-09 21:32:10'),
(32, 33, 0, 0, 0, 0, 0, 0, 0, 0, 0, '2018-05-09 22:28:36', '2018-05-09 22:28:36');

-- --------------------------------------------------------

--
-- Table structure for table `user_types`
--

CREATE TABLE `user_types` (
  `id` int(10) UNSIGNED NOT NULL,
  `name` varchar(191) COLLATE utf8mb4_unicode_ci NOT NULL,
  `created_at` timestamp NULL DEFAULT NULL,
  `updated_at` timestamp NULL DEFAULT NULL
) ENGINE=InnoDB DEFAULT CHARSET=utf8mb4 COLLATE=utf8mb4_unicode_ci;

--
-- Dumping data for table `user_types`
--

INSERT INTO `user_types` (`id`, `name`, `created_at`, `updated_at`) VALUES
(1, 'Administrator', '0000-00-00 00:00:00', '0000-00-00 00:00:00'),
(2, 'Point Person', '0000-00-00 00:00:00', '0000-00-00 00:00:00');

--
-- Indexes for dumped tables
--

--
-- Indexes for table `demographies`
--
ALTER TABLE `demographies`
  ADD PRIMARY KEY (`id`);

--
-- Indexes for table `facilities`
--
ALTER TABLE `facilities`
  ADD PRIMARY KEY (`id`);

--
-- Indexes for table `facility_status`
--
ALTER TABLE `facility_status`
  ADD PRIMARY KEY (`id`);

--
-- Indexes for table `facility_types`
--
ALTER TABLE `facility_types`
  ADD PRIMARY KEY (`id`);

--
-- Indexes for table `finances`
--
ALTER TABLE `finances`
  ADD PRIMARY KEY (`id`);

--
-- Indexes for table `invoices`
--
ALTER TABLE `invoices`
  ADD PRIMARY KEY (`id`);

--
-- Indexes for table `legals`
--
ALTER TABLE `legals`
  ADD PRIMARY KEY (`id`);

--
-- Indexes for table `migrations`
--
ALTER TABLE `migrations`
  ADD PRIMARY KEY (`id`);

--
-- Indexes for table `password_resets`
--
ALTER TABLE `password_resets`
  ADD KEY `password_resets_email_index` (`email`);

--
-- Indexes for table `reports`
--
ALTER TABLE `reports`
  ADD PRIMARY KEY (`id`);

--
-- Indexes for table `server_versions`
--
ALTER TABLE `server_versions`
  ADD PRIMARY KEY (`id`);

--
-- Indexes for table `smf_years`
--
ALTER TABLE `smf_years`
  ADD PRIMARY KEY (`id`);

--
-- Indexes for table `stats`
--
ALTER TABLE `stats`
  ADD PRIMARY KEY (`id`);

--
-- Indexes for table `tbl_module`
--
ALTER TABLE `tbl_module`
  ADD PRIMARY KEY (`id`);

--
-- Indexes for table `tbl_schedule`
--
ALTER TABLE `tbl_schedule`
  ADD PRIMARY KEY (`id`);

--
-- Indexes for table `tbl_staff_schedule`
--
ALTER TABLE `tbl_staff_schedule`
  ADD PRIMARY KEY (`id`);

--
-- Indexes for table `technicals`
--
ALTER TABLE `technicals`
  ADD PRIMARY KEY (`id`);

--
-- Indexes for table `trainings`
--
ALTER TABLE `trainings`
  ADD PRIMARY KEY (`id`);

--
-- Indexes for table `training_modules`
--
ALTER TABLE `training_modules`
  ADD PRIMARY KEY (`id`);

--
-- Indexes for table `users`
--
ALTER TABLE `users`
  ADD PRIMARY KEY (`id`),
  ADD UNIQUE KEY `users_contact_no_unique` (`contact_no`),
  ADD UNIQUE KEY `users_email_unique` (`email`);

--
-- Indexes for table `user_permission_sets`
--
ALTER TABLE `user_permission_sets`
  ADD PRIMARY KEY (`id`);

--
-- Indexes for table `user_types`
--
ALTER TABLE `user_types`
  ADD PRIMARY KEY (`id`);

--
-- AUTO_INCREMENT for dumped tables
--

--
-- AUTO_INCREMENT for table `demographies`
--
ALTER TABLE `demographies`
  MODIFY `id` int(10) UNSIGNED NOT NULL AUTO_INCREMENT, AUTO_INCREMENT=184;

--
-- AUTO_INCREMENT for table `facilities`
--
ALTER TABLE `facilities`
  MODIFY `id` int(10) UNSIGNED NOT NULL AUTO_INCREMENT, AUTO_INCREMENT=184;

--
-- AUTO_INCREMENT for table `facility_status`
--
ALTER TABLE `facility_status`
  MODIFY `id` int(10) UNSIGNED NOT NULL AUTO_INCREMENT, AUTO_INCREMENT=4;

--
-- AUTO_INCREMENT for table `facility_types`
--
ALTER TABLE `facility_types`
  MODIFY `id` int(10) UNSIGNED NOT NULL AUTO_INCREMENT, AUTO_INCREMENT=5;

--
-- AUTO_INCREMENT for table `finances`
--
ALTER TABLE `finances`
  MODIFY `id` int(10) UNSIGNED NOT NULL AUTO_INCREMENT, AUTO_INCREMENT=184;

--
-- AUTO_INCREMENT for table `invoices`
--
ALTER TABLE `invoices`
  MODIFY `id` int(10) UNSIGNED NOT NULL AUTO_INCREMENT, AUTO_INCREMENT=180;

--
-- AUTO_INCREMENT for table `legals`
--
ALTER TABLE `legals`
  MODIFY `id` int(10) UNSIGNED NOT NULL AUTO_INCREMENT, AUTO_INCREMENT=184;

--
-- AUTO_INCREMENT for table `migrations`
--
ALTER TABLE `migrations`
  MODIFY `id` int(10) UNSIGNED NOT NULL AUTO_INCREMENT, AUTO_INCREMENT=30;

--
-- AUTO_INCREMENT for table `reports`
--
ALTER TABLE `reports`
  MODIFY `id` int(10) UNSIGNED NOT NULL AUTO_INCREMENT, AUTO_INCREMENT=184;

--
-- AUTO_INCREMENT for table `server_versions`
--
ALTER TABLE `server_versions`
  MODIFY `id` int(10) UNSIGNED NOT NULL AUTO_INCREMENT, AUTO_INCREMENT=6;

--
-- AUTO_INCREMENT for table `smf_years`
--
ALTER TABLE `smf_years`
  MODIFY `id` int(10) UNSIGNED NOT NULL AUTO_INCREMENT, AUTO_INCREMENT=8;

--
-- AUTO_INCREMENT for table `stats`
--
ALTER TABLE `stats`
  MODIFY `id` int(10) UNSIGNED NOT NULL AUTO_INCREMENT, AUTO_INCREMENT=184;

--
-- AUTO_INCREMENT for table `tbl_module`
--
ALTER TABLE `tbl_module`
  MODIFY `id` int(11) NOT NULL AUTO_INCREMENT, AUTO_INCREMENT=7;

--
-- AUTO_INCREMENT for table `tbl_schedule`
--
ALTER TABLE `tbl_schedule`
  MODIFY `id` int(11) NOT NULL AUTO_INCREMENT, AUTO_INCREMENT=5;

--
-- AUTO_INCREMENT for table `tbl_staff_schedule`
--
ALTER TABLE `tbl_staff_schedule`
  MODIFY `id` int(11) NOT NULL AUTO_INCREMENT, AUTO_INCREMENT=11;

--
-- AUTO_INCREMENT for table `technicals`
--
ALTER TABLE `technicals`
  MODIFY `id` int(10) UNSIGNED NOT NULL AUTO_INCREMENT, AUTO_INCREMENT=184;

--
-- AUTO_INCREMENT for table `trainings`
--
ALTER TABLE `trainings`
  MODIFY `id` int(10) UNSIGNED NOT NULL AUTO_INCREMENT, AUTO_INCREMENT=184;

--
-- AUTO_INCREMENT for table `training_modules`
--
ALTER TABLE `training_modules`
  MODIFY `id` int(10) UNSIGNED NOT NULL AUTO_INCREMENT, AUTO_INCREMENT=6;

--
-- AUTO_INCREMENT for table `users`
--
ALTER TABLE `users`
  MODIFY `id` int(10) UNSIGNED NOT NULL AUTO_INCREMENT, AUTO_INCREMENT=51;

--
-- AUTO_INCREMENT for table `user_permission_sets`
--
ALTER TABLE `user_permission_sets`
  MODIFY `id` int(10) UNSIGNED NOT NULL AUTO_INCREMENT, AUTO_INCREMENT=33;

--
-- AUTO_INCREMENT for table `user_types`
--
ALTER TABLE `user_types`
  MODIFY `id` int(10) UNSIGNED NOT NULL AUTO_INCREMENT, AUTO_INCREMENT=3;
COMMIT;

/*!40101 SET CHARACTER_SET_CLIENT=@OLD_CHARACTER_SET_CLIENT */;
/*!40101 SET CHARACTER_SET_RESULTS=@OLD_CHARACTER_SET_RESULTS */;
/*!40101 SET COLLATION_CONNECTION=@OLD_COLLATION_CONNECTION */;
